Workbook
Name A6948.: #REF!
Name A6948.: #REF!
Name B: #REF!
Name B: #REF!
Name FDFS: #REF!
Name FDFS: #REF!
Name Insert_Group_Detail: #REF!
Name Insert_Group_Detail: #REF!
Name NBHJG: #REF!
Name NBHJG: #REF!
Name ش4475: #REF!
Name ش4475: #REF!
Name ش542: #REF!
Name ش542: #REF!

Sheet FULT EMS
A1: تاریخ | B1: شیفت کاری | C1: کد گروه محصول | D1: کد محصول | E1: نام محصول | F1: خانواده محصول | G1: نام محصول ترکیبی | H1: گروه محصول نهایی | I1: ایستگاه | J1: کد ایراد | K1: شرح ایراد | L1: تعداد ایراد | M1: تعداد کل | N1: برنچ | O1: شرح فعالیت انجام شده توسط تعمیرات | P1: عامل مسبب ایراد 6M | Q1: کد قطعه | R1: نام قطعه | S1: نام تامین کننده | T1: کد و نام تجهیزات و ابزارآلات | U1: کد تجهیزات و ابزارآلات | V1: کد و نام تجهیزات و ابزارآلات1 | W1: کد فرآیند (OPC) | X1: نام فرآیند (OPC) | Y1: حالت خرابی بالقوه | Z1: نوع حالت خرابی بالقوه | AA1: توضیحات تعمیرات | AB1: ستون مشترک حالت خرابی | AC1: شدت حالت خرابی | AD1: تشخیص حالت خرابی | AE1: وقوع قدیمی | AF1: مدت زمان عیب یابی ( دقیقه ) | AG1: مدت زمان رفع عیب ( دقیقه ) | AH1: مدت زمان تست مجدد ( دقیقه ) | AI1: هزینه ریالی تعمیرات | AJ1: خانواده قطعات | AK1: شماره BOM | AL1: شماره برگ ارسال | AM1: کد اپراتور | AN1: نام اپراتور | AO1: کد بازرس چشمی | AP1: نام بازرس | AQ1: AOI | AR1: نام بازرس AOI | AS1: نوع قطعات تولیدی و تامینی | AT1: وضعیت اعلام ایرادات | AU1: توضیحات اضافه | AV1: توضیحات | AW1: Control Station | AX1: حد قابل قبول | AY1: هدف | AZ1: علت افت یا بهبود PPM | BA1: حد قابل قبول عظام | BB1: هدف عظام
A2: 1405/05/01 | B2: عادی | C2: 3201031 | D2: جعبه الکترونیکی ایموبلایزر EIM -تکمیل کاری شده | E2: =VLOOKUP(C2,Table1[],3,0) -> #N/A | F2: =VLOOKUP(C2,Table1[],4,0) -> #N/A | G2: =VLOOKUP(C2,Table1[],5,0) -> #N/A | H2: =VLOOKUP(C2,Table1[],6,0) -> #N/A | I2: مونتاژ انتن و یونیت ایمو بلایزر | J2: FTD-862 | K2: عملکردی | L2: 3 | M2: 0 | N2: EMS | O2: - | P2: - | Q2: - | R2: - | S2: - | T2: - | U2: - | V2: - | W2: - | X2: - | Y2: - | Z2: - | AA2: - | AB2: - | AC2: 0 | AD2: 0 | AE2: 0 | AF2: 0 | AG2: 0 | AH2: 0 | AI2: 44000 | AJ2: - | AK2: - | AL2: - | AM2: - | AN2: - | AO2: - | AP2: - | AQ2: - | AR2: - | AS2: فرآیندی | AT2: - | AU2: - | AV2: - | AW2: - | AX2: 14000 | AY2: 12000 | AZ2: - | BA2: 14000 | BB2: 12000
A3: 1405/05/01 | B3: عادی | C3: 3204301 | D3: آنتن ایموبلایزر ssat | E3: =VLOOKUP(C3,Table1[],3,0) -> آنتن ايموبلايزر XU7 - S -XUP مونتاژی | F3: =VLOOKUP(C3,Table1[],4,0) -> آنتن ايموبلايزر | G3: =VLOOKUP(C3,Table1[],5,0) -> آنتن ايموبلايزر XU7 - S -XUP مونتاژی | H3: =VLOOKUP(C3,Table1[],6,0) -> EMS-توسعه و نگاشت موتور | I3: مونتاژ انتن و یونیت ایمو بلایزر | J3: AD-880 | K3: ایراد مونتاژی سیم در قرقره | L3: 1 | M3: 0 | N3: EMS | O3: - | P3: - | Q3: - | R3: - | S3: - | T3: - | U3: - | V3: - | W3: - | X3: - | Y3: - | Z3: - | AA3: - | AB3: - | AC3: 0 | AD3: 0 | AE3: 0 | AF3: 0 | AG3: 0 | AH3: 0 | AI3: 44000 | AJ3: - | AK3: - | AL3: - | AM3: - | AN3: - | AO3: - | AP3: - | AQ3: - | AR3: - | AS3: فرآیندی | AT3: - | AU3: - | AV3: - | AW3: - | AX3: 14000 | AY3: 12000 | AZ3: - | BA3: 14000 | BB3: 12000
A4: 1405/05/01 | B4: عادی | C4: 3204200 | D4: پدال گاز برقی ME17 TU5-بازویی بلند | E4: =VLOOKUP(C4,Table1[],3,0) -> #N/A | F4: =VLOOKUP(C4,Table1[],4,0) -> #N/A | G4: =VLOOKUP(C4,Table1[],5,0) -> #N/A | H4: =VLOOKUP(C4,Table1[],6,0) -> #N/A | I4: مونتاژ پدال گاز برقی | J4: AD-816 | K4: رد شدن فیلر0.02 | L4: 2 | M4: 0 | N4: EMS | O4: - | P4: - | Q4: - | R4: - | S4: - | T4: - | U4: - | V4: - | W4: - | X4: - | Y4: - | Z4: - | AA4: - | AB4: - | AC4: 0 | AD4: 0 | AE4: 0 | AF4: 0 | AG4: 0 | AH4: 0 | AI4: 44000 | AJ4: - | AK4: - | AL4: - | AM4: - | AN4: - | AO4: - | AP4: - | AQ4: - | AR4: - | AS4: فرآیندی | AT4: - | AU4: - | AV4: - | AW4: - | AX4: 14000 | AY4: 12000 | AZ4: - | BA4: 14000 | BB4: 12000
A5: 1405/05/01 | B5: عادی | C5: 3204200 | D5: پدال گاز برقی ME17 TU5-بازویی بلند | E5: =VLOOKUP(C5,Table1[],3,0) -> #N/A | F5: =VLOOKUP(C5,Table1[],4,0) -> #N/A | G5: =VLOOKUP(C5,Table1[],5,0) -> #N/A | H5: =VLOOKUP(C5,Table1[],6,0) -> #N/A | I5: مونتاژ پدال گاز برقی | J5: AD-828 | K5: عدم مونتاژ مناسب پیچ | L5: 6 | M5: 0 | N5: EMS | O5: - | P5: - | Q5: - | R5: - | S5: - | T5: - | U5: - | V5: - | W5: - | X5: - | Y5: - | Z5: - | AA5: - | AB5: - | AC5: 0 | AD5: 0 | AE5: 0 | AF5: 0 | AG5: 0 | AH5: 0 | AI5: 44000 | AJ5: - | AK5: - | AL5: - | AM5: - | AN5: - | AO5: - | AP5: - | AQ5: - | AR5: - | AS5: فرآیندی | AT5: - | AU5: - | AV5: - | AW5: - | AX5: 14000 | AY5: 12000 | AZ5: - | BA5: 14000 | BB5: 12000
A6: 1405/05/01 | B6: عادی | C6: 3204200 | D6: پدال گاز برقی ME17 TU5-بازویی بلند | E6: =VLOOKUP(C6,Table1[],3,0) -> #N/A | F6: =VLOOKUP(C6,Table1[],4,0) -> #N/A | G6: =VLOOKUP(C6,Table1[],5,0) -> #N/A | H6: =VLOOKUP(C6,Table1[],6,0) -> #N/A | I6: مونتاژ پدال گاز برقی | J6: FTD-832 | K6: ایراد تطابق(SYNCHRONIEITY) | L6: 3 | M6: 0 | N6: EMS | O6: - | P6: - | Q6: - | R6: - | S6: - | T6: - | U6: - | V6: - | W6: - | X6: - | Y6: - | Z6: - | AA6: - | AB6: - | AC6: 0 | AD6: 0 | AE6: 0 | AF6: 0 | AG6: 0 | AH6: 0 | AI6: 44000 | AJ6: - | AK6: - | AL6: - | AM6: - | AN6: - | AO6: - | AP6: - | AQ6: - | AR6: - | AS6: فرآیندی | AT6: - | AU6: - | AV6: - | AW6: - | AX6: 14000 | AY6: 12000 | AZ6: - | BA6: 14000 | BB6: 12000
A7: 1405/05/03 | B7: عادی | C7: 3201031 | D7: جعبه الکترونیکی ایموبلایزر EIM -تکمیل کاری شده | E7: =VLOOKUP(C7,Table1[],3,0) -> #N/A | F7: =VLOOKUP(C7,Table1[],4,0) -> #N/A | G7: =VLOOKUP(C7,Table1[],5,0) -> #N/A | H7: =VLOOKUP(C7,Table1[],6,0) -> #N/A | I7: مونتاژ انتن و یونیت ایمو بلایزر | J7: FTD-862 | K7: عملکردی | L7: 3 | M7: 0 | N7: EMS | O7: - | P7: - | Q7: - | R7: - | S7: - | T7: - | U7: - | V7: - | W7: - | X7: - | Y7: - | Z7: - | AA7: - | AB7: - | AC7: 0 | AD7: 0 | AE7: 0 | AF7: 0 | AG7: 0 | AH7: 0 | AI7: 44000 | AJ7: - | AK7: - | AL7: - | AM7: - | AN7: - | AO7: - | AP7: - | AQ7: - | AR7: - | AS7: فرآیندی | AT7: - | AU7: - | AV7: - | AW7: - | AX7: 14000 | AY7: 12000 | AZ7: - | BA7: 14000 | BB7: 12000
A8: 1405/05/03 | B8: عادی | C8: 3204101 | D8: پدال گاز برقی XUP | E8: =VLOOKUP(C8,Table1[],3,0) -> #N/A | F8: =VLOOKUP(C8,Table1[],4,0) -> #N/A | G8: =VLOOKUP(C8,Table1[],5,0) -> #N/A | H8: =VLOOKUP(C8,Table1[],6,0) -> #N/A | I8: مونتاژ پدال گاز برقی | J8: AD-816 | K8: رد شدن فیلر0.02 | L8: 1 | M8: 0 | N8: EMS | O8: - | P8: - | Q8: - | R8: - | S8: - | T8: - | U8: - | V8: - | W8: - | X8: - | Y8: - | Z8: - | AA8: - | AB8: - | AC8: 0 | AD8: 0 | AE8: 0 | AF8: 0 | AG8: 0 | AH8: 0 | AI8: 44000 | AJ8: - | AK8: - | AL8: - | AM8: - | AN8: - | AO8: - | AP8: - | AQ8: - | AR8: - | AS8: فرآیندی | AT8: - | AU8: - | AV8: - | AW8: - | AX8: 14000 | AY8: 12000 | AZ8: - | BA8: 14000 | BB8: 12000
A9: 1405/05/03 | B9: عادی | C9: 3204101 | D9: پدال گاز برقی XUP | E9: =VLOOKUP(C9,Table1[],3,0) -> #N/A | F9: =VLOOKUP(C9,Table1[],4,0) -> #N/A | G9: =VLOOKUP(C9,Table1[],5,0) -> #N/A | H9: =VLOOKUP(C9,Table1[],6,0) -> #N/A | I9: مونتاژ پدال گاز برقی | J9: AD-828 | K9: عدم مونتاژ مناسب پیچ | L9: 2 | M9: 0 | N9: EMS | O9: - | P9: - | Q9: - | R9: - | S9: - | T9: - | U9: - | V9: - | W9: - | X9: - | Y9: - | Z9: - | AA9: - | AB9: - | AC9: 0 | AD9: 0 | AE9: 0 | AF9: 0 | AG9: 0 | AH9: 0 | AI9: 44000 | AJ9: - | AK9: - | AL9: - | AM9: - | AN9: - | AO9: - | AP9: - | AQ9: - | AR9: - | AS9: فرآیندی | AT9: - | AU9: - | AV9: - | AW9: - | AX9: 14000 | AY9: 12000 | AZ9: - | BA9: 14000 | BB9: 12000
A10: 1405/05/03 | B10: عادی | C10: 3204101 | D10: پدال گاز برقی XUP | E10: =VLOOKUP(C10,Table1[],3,0) -> #N/A | F10: =VLOOKUP(C10,Table1[],4,0) -> #N/A | G10: =VLOOKUP(C10,Table1[],5,0) -> #N/A | H10: =VLOOKUP(C10,Table1[],6,0) -> #N/A | I10: مونتاژ پدال گاز برقی | J10: FTD-824 | K10: ISOLATION | L10: 1 | M10: 0 | N10: EMS | O10: - | P10: - | Q10: - | R10: - | S10: - | T10: - | U10: - | V10: - | W10: - | X10: - | Y10: - | Z10: - | AA10: - | AB10: - | AC10: 0 | AD10: 0 | AE10: 0 | AF10: 0 | AG10: 0 | AH10: 0 | AI10: 44000 | AJ10: - | AK10: - | AL10: - | AM10: - | AN10: - | AO10: - | AP10: - | AQ10: - | AR10: - | AS10: فرآیندی | AT10: - | AU10: - | AV10: - | AW10: - | AX10: 14000 | AY10: 12000 | AZ10: - | BA10: 14000 | BB10: 12000
A11: 1405/05/04 | B11: عادی | C11: 3201031 | D11: جعبه الکترونیکی ایموبلایزر EIM -تکمیل کاری شده | E11: =VLOOKUP(C11,Table1[],3,0) -> #N/A | F11: =VLOOKUP(C11,Table1[],4,0) -> #N/A | G11: =VLOOKUP(C11,Table1[],5,0) -> #N/A | H11: =VLOOKUP(C11,Table1[],6,0) -> #N/A | I11: مونتاژ انتن و یونیت ایمو بلایزر | J11: FTD-865 | K11: فلش نمیشود | L11: 1 | M11: 0 | N11: EMS | O11: - | P11: - | Q11: - | R11: - | S11: - | T11: - | U11: - | V11: - | W11: - | X11: - | Y11: - | Z11: - | AA11: - | AB11: - | AC11: 0 | AD11: 0 | AE11: 0 | AF11: 0 | AG11: 0 | AH11: 0 | AI11: 44000 | AJ11: - | AK11: - | AL11: - | AM11: - | AN11: - | AO11: - | AP11: - | AQ11: - | AR11: - | AS11: فرآیندی | AT11: - | AU11: - | AV11: - | AW11: - | AX11: 14000 | AY11: 12000 | AZ11: - | BA11: 14000 | BB11: 12000
A12: 1405/05/04 | B12: عادی | C12: 3201031 | D12: جعبه الکترونیکی ایموبلایزر EIM -تکمیل کاری شده | E12: =VLOOKUP(C12,Table1[],3,0) -> #N/A | F12: =VLOOKUP(C12,Table1[],4,0) -> #N/A | G12: =VLOOKUP(C12,Table1[],5,0) -> #N/A | H12: =VLOOKUP(C12,Table1[],6,0) -> #N/A | I12: مونتاژ انتن و یونیت ایمو بلایزر | J12: FTD-862 | K12: عملکردی | L12: 1 | M12: 0 | N12: EMS | O12: - | P12: - | Q12: - | R12: - | S12: - | T12: - | U12: - | V12: - | W12: - | X12: - | Y12: - | Z12: - | AA12: - | AB12: - | AC12: 0 | AD12: 0 | AE12: 0 | AF12: 0 | AG12: 0 | AH12: 0 | AI12: 44000 | AJ12: - | AK12: - | AL12: - | AM12: - | AN12: - | AO12: - | AP12: - | AQ12: - | AR12: - | AS12: فرآیندی | AT12: - | AU12: - | AV12: - | AW12: - | AX12: 14000 | AY12: 12000 | AZ12: - | BA12: 14000 | BB12: 12000
A13: 1405/05/04 | B13: عادی | C13: 3204101 | D13: پدال گاز برقی XUP | E13: =VLOOKUP(C13,Table1[],3,0) -> #N/A | F13: =VLOOKUP(C13,Table1[],4,0) -> #N/A | G13: =VLOOKUP(C13,Table1[],5,0) -> #N/A | H13: =VLOOKUP(C13,Table1[],6,0) -> #N/A | I13: مونتاژ پدال گاز برقی | J13: AD-815 | K13: شکل ظاهری | L13: 1 | M13: 0 | N13: EMS | O13: - | P13: - | Q13: - | R13: - | S13: - | T13: - | U13: - | V13: - | W13: - | X13: - | Y13: - | Z13: - | AA13: - | AB13: - | AC13: 0 | AD13: 0 | AE13: 0 | AF13: 0 | AG13: 0 | AH13: 0 | AI13: 44000 | AJ13: - | AK13: - | AL13: - | AM13: - | AN13: - | AO13: - | AP13: - | AQ13: - | AR13: - | AS13: فرآیندی | AT13: - | AU13: - | AV13: - | AW13: - | AX13: 14000 | AY13: 12000 | AZ13: - | BA13: 14000 | BB13: 12000
... A77: 1405/05/31 | B77: عادی | C77: 3204200 | D77: پدال گاز برقی ME17 TU5-بازویی بلند | E77: =VLOOKUP(C77,Table1[],3,0) -> #N/A | F77: =VLOOKUP(C77,Table1[],4,0) -> #N/A | G77: =VLOOKUP(C77,Table1[],5,0) -> #N/A | H77: =VLOOKUP(C77,Table1[],6,0) -> #N/A | I77: مونتاژ پدال گاز برقی | J77: FTD-824 | K77: ISOLATION | L77: 1 | M77: 0 | N77: EMS | O77: - | P77: - | Q77: - | R77: - | S77: - | T77: - | U77: - | V77: - | W77: - | X77: - | Y77: - | Z77: - | AA77: - | AB77: - | AC77: 0 | AD77: 0 | AE77: 0 | AF77: 0 | AG77: 0 | AH77: 0 | AI77: 44000 | AJ77: - | AK77: - | AL77: - | AM77: - | AN77: - | AO77: - | AP77: - | AQ77: - | AR77: - | AS77: فرآیندی | AT77: - | AU77: - | AV77: - | AW77: - | AX77: 14000 | AY77: 12000 | AZ77: - | BA77: 14000 | BB77: 12000
A78: 1405/05/01 | C78: 3206133 | D78: ECU S4 4coil Without Vent تکمیل کاری شده | E78: =VLOOKUP(C78,Table1[],3,0) -> ECU S4 4coil | F78: =VLOOKUP(C78,Table1[],4,0) -> ECU مونتاژی | G78: =VLOOKUP(C78,Table1[],5,0) -> ECU S4 4coil | H78: =VLOOKUP(C78,Table1[],6,0) -> EMS-توسعه و نگاشت موتور | I78: تکمیل کاری ECU | J78: - | K78: - | L78: 0 | M78: 660 | N78: EMS | O78: - | P78: - | Q78: - | R78: - | S78: - | T78: - | U78: - | V78: - | W78: - | X78: - | Y78: - | Z78: - | AA78: - | AB78: - | AC78: 0 | AD78: 0 | AE78: 0 | AF78: 0 | AG78: 0 | AH78: 0 | AI78: 44000 | AJ78: - | AK78: - | AL78: - | AM78: - | AN78: - | AO78: - | AP78: - | AQ78: - | AR78: - | AS78: فرآیندی | AT78: - | AU78: - | AV78: - | AW78: - | AX78: 14000 | AY78: 12000 | AZ78: - | BA78: 14000 | BB78: 12000
A79: 1405/05/03 | C79: 3206133 | D79: ECU S4 4coil Without Vent تکمیل کاری شده | E79: =VLOOKUP(C79,Table1[],3,0) -> ECU S4 4coil | F79: =VLOOKUP(C79,Table1[],4,0) -> ECU مونتاژی | G79: =VLOOKUP(C79,Table1[],5,0) -> ECU S4 4coil | H79: =VLOOKUP(C79,Table1[],6,0) -> EMS-توسعه و نگاشت موتور | I79: تکمیل کاری ECU | J79: - | K79: - | L79: 0 | M79: 730 | N79: EMS | O79: - | P79: - | Q79: - | R79: - | S79: - | T79: - | U79: - | V79: - | W79: - | X79: - | Y79: - | Z79: - | AA79: - | AB79: - | AC79: 0 | AD79: 0 | AE79: 0 | AF79: 0 | AG79: 0 | AH79: 0 | AI79: 44000 | AJ79: - | AK79: - | AL79: - | AM79: - | AN79: - | AO79: - | AP79: - | AQ79: - | AR79: - | AS79: فرآیندی | AT79: - | AU79: - | AV79: - | AW79: - | AX79: 14000 | AY79: 12000 | AZ79: - | BA79: 14000 | BB79: 12000
A80: 1405/05/04 | C80: 3206133 | D80: ECU S4 4coil Without Vent تکمیل کاری شده | E80: =VLOOKUP(C80,Table1[],3,0) -> ECU S4 4coil | F80: =VLOOKUP(C80,Table1[],4,0) -> ECU مونتاژی | G80: =VLOOKUP(C80,Table1[],5,0) -> ECU S4 4coil | H80: =VLOOKUP(C80,Table1[],6,0) -> EMS-توسعه و نگاشت موتور | I80: تکمیل کاری ECU | J80: - | K80: - | L80: 0 | M80: 800 | N80: EMS | O80: - | P80: - | Q80: - | R80: - | S80: - | T80: - | U80: - | V80: - | W80: - | X80: - | Y80: - | Z80: - | AA80: - | AB80: - | AC80: 0 | AD80: 0 | AE80: 0 | AF80: 0 | AG80: 0 | AH80: 0 | AI80: 44000 | AJ80: - | AK80: - | AL80: - | AM80: - | AN80: - | AO80: - | AP80: - | AQ80: - | AR80: - | AS80: فرآیندی | AT80: - | AU80: - | AV80: - | AW80: - | AX80: 14000 | AY80: 12000 | AZ80: - | BA80: 14000 | BB80: 12000
A81: 1405/05/05 | C81: 3206133 | D81: ECU S4 4coil Without Vent تکمیل کاری شده | E81: =VLOOKUP(C81,Table1[],3,0) -> ECU S4 4coil | F81: =VLOOKUP(C81,Table1[],4,0) -> ECU مونتاژی | G81: =VLOOKUP(C81,Table1[],5,0) -> ECU S4 4coil | H81: =VLOOKUP(C81,Table1[],6,0) -> EMS-توسعه و نگاشت موتور | I81: تکمیل کاری ECU | J81: - | K81: - | L81: 0 | M81: 780 | N81: EMS | O81: - | P81: - | Q81: - | R81: - | S81: - | T81: - | U81: - | V81: - | W81: - | X81: - | Y81: - | Z81: - | AA81: - | AB81: - | AC81: 0 | AD81: 0 | AE81: 0 | AF81: 0 | AG81: 0 | AH81: 0 | AI81: 44000 | AJ81: - | AK81: - | AL81: - | AM81: - | AN81: - | AO81: - | AP81: - | AQ81: - | AR81: - | AS81: فرآیندی | AT81: - | AU81: - | AV81: - | AW81: - | AX81: 14000 | AY81: 12000 | AZ81: - | BA81: 14000 | BB81: 12000
A82: 1405/05/06 | C82: 3206133 | D82: ECU S4 4coil Without Vent تکمیل کاری شده | E82: =VLOOKUP(C82,Table1[],3,0) -> ECU S4 4coil | F82: =VLOOKUP(C82,Table1[],4,0) -> ECU مونتاژی | G82: =VLOOKUP(C82,Table1[],5,0) -> ECU S4 4coil | H82: =VLOOKUP(C82,Table1[],6,0) -> EMS-توسعه و نگاشت موتور | I82: تکمیل کاری ECU | J82: - | K82: - | L82: 0 | M82: 800 | N82: EMS | O82: - | P82: - | Q82: - | R82: - | S82: - | T82: - | U82: - | V82: - | W82: - | X82: - | Y82: - | Z82: - | AA82: - | AB82: - | AC82: 0 | AD82: 0 | AE82: 0 | AF82: 0 | AG82: 0 | AH82: 0 | AI82: 44000 | AJ82: - | AK82: - | AL82: - | AM82: - | AN82: - | AO82: - | AP82: - | AQ82: - | AR82: - | AS82: فرآیندی | AT82: - | AU82: - | AV82: - | AW82: - | AX82: 14000 | AY82: 12000 | AZ82: - | BA82: 14000 | BB82: 12000
A83: 1405/05/07 | C83: 3206133 | D83: ECU S4 4coil Without Vent تکمیل کاری شده | E83: =VLOOKUP(C83,Table1[],3,0) -> ECU S4 4coil | F83: =VLOOKUP(C83,Table1[],4,0) -> ECU مونتاژی | G83: =VLOOKUP(C83,Table1[],5,0) -> ECU S4 4coil | H83: =VLOOKUP(C83,Table1[],6,0) -> EMS-توسعه و نگاشت موتور | I83: تکمیل کاری ECU | J83: - | K83: - | L83: 0 | M83: 800 | N83: EMS | O83: - | P83: - | Q83: - | R83: - | S83: - | T83: - | U83: - | V83: - | W83: - | X83: - | Y83: - | Z83: - | AA83: - | AB83: - | AC83: 0 | AD83: 0 | AE83: 0 | AF83: 0 | AG83: 0 | AH83: 0 | AI83: 44000 | AJ83: - | AK83: - | AL83: - | AM83: - | AN83: - | AO83: - | AP83: - | AQ83: - | AR83: - | AS83: فرآیندی | AT83: - | AU83: - | AV83: - | AW83: - | AX83: 14000 | AY83: 12000 | AZ83: - | BA83: 14000 | BB83: 12000
A84: 1405/05/08 | C84: 3206133 | D84: ECU S4 4coil Without Vent تکمیل کاری شده | E84: =VLOOKUP(C84,Table1[],3,0) -> ECU S4 4coil | F84: =VLOOKUP(C84,Table1[],4,0) -> ECU مونتاژی | G84: =VLOOKUP(C84,Table1[],5,0) -> ECU S4 4coil | H84: =VLOOKUP(C84,Table1[],6,0) -> EMS-توسعه و نگاشت موتور | I84: تکمیل کاری ECU | J84: - | K84: - | L84: 0 | M84: 553 | N84: EMS | O84: - | P84: - | Q84: - | R84: - | S84: - | T84: - | U84: - | V84: - | W84: - | X84: - | Y84: - | Z84: - | AA84: - | AB84: - | AC84: 0 | AD84: 0 | AE84: 0 | AF84: 0 | AG84: 0 | AH84: 0 | AI84: 44000 | AJ84: - | AK84: - | AL84: - | AM84: - | AN84: - | AO84: - | AP84: - | AQ84: - | AR84: - | AS84: فرآیندی | AT84: - | AU84: - | AV84: - | AW84: - | AX84: 14000 | AY84: 12000 | AZ84: - | BA84: 14000 | BB84: 12000
A85: 1405/05/10 | C85: 3206133 | D85: ECU S4 4coil Without Vent تکمیل کاری شده | E85: =VLOOKUP(C85,Table1[],3,0) -> ECU S4 4coil | F85: =VLOOKUP(C85,Table1[],4,0) -> ECU مونتاژی | G85: =VLOOKUP(C85,Table1[],5,0) -> ECU S4 4coil | H85: =VLOOKUP(C85,Table1[],6,0) -> EMS-توسعه و نگاشت موتور | I85: تکمیل کاری ECU | J85: - | K85: - | L85: 0 | M85: 593 | N85: EMS | O85: - | P85: - | Q85: - | R85: - | S85: - | T85: - | U85: - | V85: - | W85: - | X85: - | Y85: - | Z85: - | AA85: - | AB85: - | AC85: 0 | AD85: 0 | AE85: 0 | AF85: 0 | AG85: 0 | AH85: 0 | AI85: 44000 | AJ85: - | AK85: - | AL85: - | AM85: - | AN85: - | AO85: - | AP85: - | AQ85: - | AR85: - | AS85: فرآیندی | AT85: - | AU85: - | AV85: - | AW85: - | AX85: 14000 | AY85: 12000 | AZ85: - | BA85: 14000 | BB85: 12000
A86: 1405/05/11 | C86: 3206133 | D86: ECU S4 4coil Without Vent تکمیل کاری شده | E86: =VLOOKUP(C86,Table1[],3,0) -> ECU S4 4coil | F86: =VLOOKUP(C86,Table1[],4,0) -> ECU مونتاژی | G86: =VLOOKUP(C86,Table1[],5,0) -> ECU S4 4coil | H86: =VLOOKUP(C86,Table1[],6,0) -> EMS-توسعه و نگاشت موتور | I86: تکمیل کاری ECU | J86: - | K86: - | L86: 0 | M86: 800 | N86: EMS | O86: - | P86: - | Q86: - | R86: - | S86: - | T86: - | U86: - | V86: - | W86: - | X86: - | Y86: - | Z86: - | AA86: - | AB86: - | AC86: 0 | AD86: 0 | AE86: 0 | AF86: 0 | AG86: 0 | AH86: 0 | AI86: 44000 | AJ86: - | AK86: - | AL86: - | AM86: - | AN86: - | AO86: - | AP86: - | AQ86: - | AR86: - | AS86: فرآیندی | AT86: - | AU86: - | AV86: - | AW86: - | AX86: 14000 | AY86: 12000 | AZ86: - | BA86: 14000 | BB86: 12000
A87: 1405/05/12 | C87: 3206133 | D87: ECU S4 4coil Without Vent تکمیل کاری شده | E87: =VLOOKUP(C87,Table1[],3,0) -> ECU S4 4coil | F87: =VLOOKUP(C87,Table1[],4,0) -> ECU مونتاژی | G87: =VLOOKUP(C87,Table1[],5,0) -> ECU S4 4coil | H87: =VLOOKUP(C87,Table1[],6,0) -> EMS-توسعه و نگاشت موتور | I87: تکمیل کاری ECU | J87: - | K87: - | L87: 0 | M87: 600 | N87: EMS | O87: - | P87: - | Q87: - | R87: - | S87: - | T87: - | U87: - | V87: - | W87: - | X87: - | Y87: - | Z87: - | AA87: - | AB87: - | AC87: 0 | AD87: 0 | AE87: 0 | AF87: 0 | AG87: 0 | AH87: 0 | AI87: 44000 | AJ87: - | AK87: - | AL87: - | AM87: - | AN87: - | AO87: - | AP87: - | AQ87: - | AR87: - | AS87: فرآیندی | AT87: - | AU87: - | AV87: - | AW87: - | AX87: 14000 | AY87: 12000 | AZ87: - | BA87: 14000 | BB87: 12000
A88: 1405/05/24 | C88: 3206133 | D88: ECU S4 4coil Without Vent تکمیل کاری شده | E88: =VLOOKUP(C88,Table1[],3,0) -> ECU S4 4coil | F88: =VLOOKUP(C88,Table1[],4,0) -> ECU مونتاژی | G88: =VLOOKUP(C88,Table1[],5,0) -> ECU S4 4coil | H88: =VLOOKUP(C88,Table1[],6,0) -> EMS-توسعه و نگاشت موتور | I88: تکمیل کاری ECU | J88: - | K88: - | L88: 0 | M88: 593 | N88: EMS | O88: - | P88: - | Q88: - | R88: - | S88: - | T88: - | U88: - | V88: - | W88: - | X88: - | Y88: - | Z88: - | AA88: - | AB88: - | AC88: 0 | AD88: 0 | AE88: 0 | AF88: 0 | AG88: 0 | AH88: 0 | AI88: 44000 | AJ88: - | AK88: - | AL88: - | AM88: - | AN88: - | AO88: - | AP88: - | AQ88: - | AR88: - | AS88: فرآیندی | AT88: - | AU88: - | AV88: - | AW88: - | AX88: 14000 | AY88: 12000 | AZ88: - | BA88: 14000 | BB88: 12000
A89: 1405/05/25 | C89: 3206133 | D89: ECU S4 4coil Without Vent تکمیل کاری شده | E89: =VLOOKUP(C89,Table1[],3,0) -> ECU S4 4coil | F89: =VLOOKUP(C89,Table1[],4,0) -> ECU مونتاژی | G89: =VLOOKUP(C89,Table1[],5,0) -> ECU S4 4coil | H89: =VLOOKUP(C89,Table1[],6,0) -> EMS-توسعه و نگاشت موتور | I89: تکمیل کاری ECU | J89: - | K89: - | L89: 0 | M89: 578 | N89: EMS | O89: - | P89: - | Q89: - | R89: - | S89: - | T89: - | U89: - | V89: - | W89: - | X89: - | Y89: - | Z89: - | AA89: - | AB89: - | AC89: 0 | AD89: 0 | AE89: 0 | AF89: 0 | AG89: 0 | AH89: 0 | AI89: 44000 | AJ89: - | AK89: - | AL89: - | AM89: - | AN89: - | AO89: - | AP89: - | AQ89: - | AR89: - | AS89: فرآیندی | AT89: - | AU89: - | AV89: - | AW89: - | AX89: 14000 | AY89: 12000 | AZ89: - | BA89: 14000 | BB89: 12000
... A111: 1405/05/31 | C111: 3206134 | D111: تست و کنترل شده ECU S4 4coil Without Vent | E111: =VLOOKUP(C111,Table1[],3,0) -> ECU S4 4coil | F111: =VLOOKUP(C111,Table1[],4,0) -> ECU مونتاژی | G111: =VLOOKUP(C111,Table1[],5,0) -> ECU S4 4coil | H111: =VLOOKUP(C111,Table1[],6,0) -> EMS-توسعه و نگاشت موتور | I111: تست و کنترل ECU | J111: - | K111: - | L111: 0 | M111: 650 | N111: EMS | O111: - | P111: - | Q111: - | R111: - | S111: - | T111: - | U111: - | V111: - | W111: - | X111: - | Y111: - | Z111: - | AA111: - | AB111: - | AC111: 0 | AD111: 0 | AE111: 0 | AF111: 0 | AG111: 0 | AH111: 0 | AI111: 44000 | AJ111: - | AK111: - | AL111: - | AM111: - | AN111: - | AO111: - | AP111: - | AQ111: - | AR111: - | AS111: فرآیندی | AT111: - | AU111: - | AV111: - | AW111: - | AX111: 14000 | AY111: 12000 | AZ111: - | BA111: 14000 | BB111: 12000
A112: 1405/05/04 | B112: شیفت صبح (12 ساعته) | C112: 3206133 | D112: ECU S4 4coil Without Vent تکمیل کاری شده | E112: =VLOOKUP(C112,Table1[],3,0) -> ECU S4 4coil | F112: =VLOOKUP(C112,Table1[],4,0) -> ECU مونتاژی | G112: =VLOOKUP(C112,Table1[],5,0) -> ECU S4 4coil | H112: =VLOOKUP(C112,Table1[],6,0) -> EMS-توسعه و نگاشت موتور | I112: تکمیل کاری ECU | J112: ECU-05 | K112: هرز شدن رزوه قاب بعد از بستن پیچ | L112: 1 | M112: 0 | N112: EMS | O112: - | P112: - | Q112: - | R112: - | S112: - | T112: - | U112: - | V112: - | W112: - | X112: - | Y112: - | Z112: - | AA112: - | AB112: - | AC112: 0 | AD112: 0 | AE112: 0 | AF112: 0 | AG112: 0 | AH112: 0 | AI112: 44000 | AJ112: - | AK112: - | AL112: - | AM112: - | AN112: - | AO112: - | AP112: - | AQ112: - | AR112: - | AS112: فرآیندی | AT112: - | AU112: - | AV112: - | AW112: - | AX112: 14000 | AY112: 12000 | AZ112: - | BA112: 14000 | BB112: 12000
A113: 1405/05/06 | C113: 3206133 | D113: ECU S4 4coil Without Vent تکمیل کاری شده | E113: =VLOOKUP(C113,Table1[],3,0) -> ECU S4 4coil | F113: =VLOOKUP(C113,Table1[],4,0) -> ECU مونتاژی | G113: =VLOOKUP(C113,Table1[],5,0) -> ECU S4 4coil | H113: =VLOOKUP(C113,Table1[],6,0) -> EMS-توسعه و نگاشت موتور | I113: تکمیل کاری ECU | J113: ECU-01 | K113: بسته نشدن کامل پیچ | L113: 3 | M113: 0 | N113: EMS | O113: - | P113: - | Q113: - | R113: - | S113: - | T113: - | U113: - | V113: - | W113: - | X113: - | Y113: - | Z113: - | AA113: - | AB113: - | AC113: 0 | AD113: 0 | AE113: 0 | AF113: 0 | AG113: 0 | AH113: 0 | AI113: 44000 | AJ113: - | AK113: - | AL113: - | AM113: - | AN113: - | AO113: - | AP113: - | AQ113: - | AR113: - | AS113: فرآیندی | AT113: - | AU113: - | AV113: - | AW113: - | AX113: 14000 | AY113: 12000 | AZ113: - | BA113: 14000 | BB113: 12000
A114: 1405/05/06 | B114: شیفت صبح (12 ساعته) | C114: 3206133 | D114: ECU S4 4coil Without Vent تکمیل کاری شده | E114: =VLOOKUP(C114,Table1[],3,0) -> ECU S4 4coil | F114: =VLOOKUP(C114,Table1[],4,0) -> ECU مونتاژی | G114: =VLOOKUP(C114,Table1[],5,0) -> ECU S4 4coil | H114: =VLOOKUP(C114,Table1[],6,0) -> EMS-توسعه و نگاشت موتور | I114: تکمیل کاری ECU | J114: ECU-01 | K114: بسته نشدن کامل پیچ | L114: 3 | M114: 0 | N114: EMS | O114: - | P114: - | Q114: - | R114: - | S114: - | T114: - | U114: - | V114: - | W114: - | X114: - | Y114: - | Z114: - | AA114: - | AB114: - | AC114: 0 | AD114: 0 | AE114: 0 | AF114: 0 | AG114: 0 | AH114: 0 | AI114: 44000 | AJ114: - | AK114: - | AL114: - | AM114: - | AN114: - | AO114: - | AP114: - | AQ114: - | AR114: - | AS114: فرآیندی | AT114: - | AU114: - | AV114: - | AW114: - | AX114: 14000 | AY114: 12000 | AZ114: - | BA114: 14000 | BB114: 12000
A115: 1405/05/10 | B115: شیفت صبح (12 ساعته) | C115: 3206133 | D115: ECU S4 4coil Without Vent تکمیل کاری شده | E115: =VLOOKUP(C115,Table1[],3,0) -> ECU S4 4coil | F115: =VLOOKUP(C115,Table1[],4,0) -> ECU مونتاژی | G115: =VLOOKUP(C115,Table1[],5,0) -> ECU S4 4coil | H115: =VLOOKUP(C115,Table1[],6,0) -> EMS-توسعه و نگاشت موتور | I115: تکمیل کاری ECU | J115: ECU-05 | K115: هرز شدن رزوه قاب بعد از بستن پیچ | L115: 2 | M115: 0 | N115: EMS | O115: - | P115: - | Q115: - | R115: - | S115: - | T115: - | U115: - | V115: - | W115: - | X115: - | Y115: - | Z115: - | AA115: - | AB115: - | AC115: 0 | AD115: 0 | AE115: 0 | AF115: 0 | AG115: 0 | AH115: 0 | AI115: 44000 | AJ115: - | AK115: - | AL115: - | AM115: - | AN115: - | AO115: - | AP115: - | AQ115: - | AR115: - | AS115: فرآیندی | AT115: - | AU115: - | AV115: - | AW115: - | AX115: 14000 | AY115: 12000 | AZ115: - | BA115: 14000 | BB115: 12000
A116: 1405/05/25 | B116: شیفت صبح (12 ساعته) | C116: 3206133 | D116: ECU S4 4coil Without Vent تکمیل کاری شده | E116: =VLOOKUP(C116,Table1[],3,0) -> ECU S4 4coil | F116: =VLOOKUP(C116,Table1[],4,0) -> ECU مونتاژی | G116: =VLOOKUP(C116,Table1[],5,0) -> ECU S4 4coil | H116: =VLOOKUP(C116,Table1[],6,0) -> EMS-توسعه و نگاشت موتور | I116: تکمیل کاری ECU | J116: ECU-01 | K116: بسته نشدن کامل پیچ | L116: 2 | M116: 0 | N116: EMS | O116: - | P116: - | Q116: - | R116: - | S116: - | T116: - | U116: - | V116: - | W116: - | X116: - | Y116: - | Z116: - | AA116: - | AB116: - | AC116: 0 | AD116: 0 | AE116: 0 | AF116: 0 | AG116: 0 | AH116: 0 | AI116: 44000 | AJ116: - | AK116: - | AL116: - | AM116: - | AN116: - | AO116: - | AP116: - | AQ116: - | AR116: - | AS116: فرآیندی | AT116: - | AU116: - | AV116: - | AW116: - | AX116: 14000 | AY116: 12000 | AZ116: - | BA116: 14000 | BB116: 12000
A117: 1405/05/01 | B117: اضافه کار | C117: 3206134 | D117: تست و کنترل شده ECU S4 4coil Without Vent | E117: =VLOOKUP(C117,Table1[],3,0) -> ECU S4 4coil | F117: =VLOOKUP(C117,Table1[],4,0) -> ECU مونتاژی | G117: =VLOOKUP(C117,Table1[],5,0) -> ECU S4 4coil | H117: =VLOOKUP(C117,Table1[],6,0) -> EMS-توسعه و نگاشت موتور | I117: تست و کنترل ECU | J117: FTD-750 | K117: نشتی دور قاب | L117: 1 | M117: 0 | N117: EMS | O117: - | P117: - | Q117: - | R117: - | S117: - | T117: - | U117: - | V117: - | W117: - | X117: - | Y117: - | Z117: - | AA117: - | AB117: - | AC117: 0 | AD117: 0 | AE117: 0 | AF117: 0 | AG117: 0 | AH117: 0 | AI117: 44000 | AJ117: - | AK117: - | AL117: - | AM117: - | AN117: - | AO117: - | AP117: - | AQ117: - | AR117: - | AS117: فرآیندی | AT117: - | AU117: - | AV117: - | AW117: - | AX117: 14000 | AY117: 12000 | AZ117: - | BA117: 14000 | BB117: 12000
A118: 1405/05/01 | B118: عادی | C118: 3206134 | D118: تست و کنترل شده ECU S4 4coil Without Vent | E118: =VLOOKUP(C118,Table1[],3,0) -> ECU S4 4coil | F118: =VLOOKUP(C118,Table1[],4,0) -> ECU مونتاژی | G118: =VLOOKUP(C118,Table1[],5,0) -> ECU S4 4coil | H118: =VLOOKUP(C118,Table1[],6,0) -> EMS-توسعه و نگاشت موتور | I118: تست و کنترل ECU | J118: FTD-750 | K118: نشتی دور قاب | L118: 1 | M118: 0 | N118: EMS | O118: - | P118: - | Q118: - | R118: - | S118: - | T118: - | U118: - | V118: - | W118: - | X118: - | Y118: - | Z118: - | AA118: - | AB118: - | AC118: 0 | AD118: 0 | AE118: 0 | AF118: 0 | AG118: 0 | AH118: 0 | AI118: 44000 | AJ118: - | AK118: - | AL118: - | AM118: - | AN118: - | AO118: - | AP118: - | AQ118: - | AR118: - | AS118: فرآیندی | AT118: - | AU118: - | AV118: - | AW118: - | AX118: 14000 | AY118: 12000 | AZ118: - | BA118: 14000 | BB118: 12000
A119: 1405/05/01 | B119: اضافه کار | C119: 3206134 | D119: تست و کنترل شده ECU S4 4coil Without Vent | E119: =VLOOKUP(C119,Table1[],3,0) -> ECU S4 4coil | F119: =VLOOKUP(C119,Table1[],4,0) -> ECU مونتاژی | G119: =VLOOKUP(C119,Table1[],5,0) -> ECU S4 4coil | H119: =VLOOKUP(C119,Table1[],6,0) -> EMS-توسعه و نگاشت موتور | I119: تست و کنترل ECU | J119: FTD-751 | K119: نشتی به علت ترک قاب بالایی | L119: 1 | M119: 0 | N119: EMS | O119: - | P119: - | Q119: - | R119: - | S119: - | T119: - | U119: - | V119: - | W119: - | X119: - | Y119: - | Z119: - | AA119: - | AB119: - | AC119: 0 | AD119: 0 | AE119: 0 | AF119: 0 | AG119: 0 | AH119: 0 | AI119: 44000 | AJ119: - | AK119: - | AL119: - | AM119: - | AN119: - | AO119: - | AP119: - | AQ119: - | AR119: - | AS119: فرآیندی | AT119: - | AU119: - | AV119: - | AW119: - | AX119: 14000 | AY119: 12000 | AZ119: - | BA119: 14000 | BB119: 12000
A120: 1405/05/01 | B120: عادی | C120: 3206134 | D120: تست و کنترل شده ECU S4 4coil Without Vent | E120: =VLOOKUP(C120,Table1[],3,0) -> ECU S4 4coil | F120: =VLOOKUP(C120,Table1[],4,0) -> ECU مونتاژی | G120: =VLOOKUP(C120,Table1[],5,0) -> ECU S4 4coil | H120: =VLOOKUP(C120,Table1[],6,0) -> EMS-توسعه و نگاشت موتور | I120: تست و کنترل ECU | J120: FTD-751 | K120: نشتی به علت ترک قاب بالایی | L120: 1 | M120: 0 | N120: EMS | O120: - | P120: - | Q120: - | R120: - | S120: - | T120: - | U120: - | V120: - | W120: - | X120: - | Y120: - | Z120: - | AA120: - | AB120: - | AC120: 0 | AD120: 0 | AE120: 0 | AF120: 0 | AG120: 0 | AH120: 0 | AI120: 44000 | AJ120: - | AK120: - | AL120: - | AM120: - | AN120: - | AO120: - | AP120: - | AQ120: - | AR120: - | AS120: فرآیندی | AT120: - | AU120: - | AV120: - | AW120: - | AX120: 14000 | AY120: 12000 | AZ120: - | BA120: 14000 | BB120: 12000
A121: 1405/05/01 | B121: اضافه کار | C121: 3206134 | D121: تست و کنترل شده ECU S4 4coil Without Vent | E121: =VLOOKUP(C121,Table1[],3,0) -> ECU S4 4coil | F121: =VLOOKUP(C121,Table1[],4,0) -> ECU مونتاژی | G121: =VLOOKUP(C121,Table1[],5,0) -> ECU S4 4coil | H121: =VLOOKUP(C121,Table1[],6,0) -> EMS-توسعه و نگاشت موتور | I121: تست و کنترل ECU | J121: FTD-752 | K121: نشتی به علت ترک قاب پایینی | L121: 1 | M121: 0 | N121: EMS | O121: - | P121: - | Q121: - | R121: - | S121: - | T121: - | U121: - | V121: - | W121: - | X121: - | Y121: - | Z121: - | AA121: - | AB121: - | AC121: 0 | AD121: 0 | AE121: 0 | AF121: 0 | AG121: 0 | AH121: 0 | AI121: 44000 | AJ121: - | AK121: - | AL121: - | AM121: - | AN121: - | AO121: - | AP121: - | AQ121: - | AR121: - | AS121: فرآیندی | AT121: - | AU121: - | AV121: - | AW121: - | AX121: 14000 | AY121: 12000 | AZ121: - | BA121: 14000 | BB121: 12000
A122: 1405/05/01 | B122: عادی | C122: 3206134 | D122: تست و کنترل شده ECU S4 4coil Without Vent | E122: =VLOOKUP(C122,Table1[],3,0) -> ECU S4 4coil | F122: =VLOOKUP(C122,Table1[],4,0) -> ECU مونتاژی | G122: =VLOOKUP(C122,Table1[],5,0) -> ECU S4 4coil | H122: =VLOOKUP(C122,Table1[],6,0) -> EMS-توسعه و نگاشت موتور | I122: تست و کنترل ECU | J122: FTD-752 | K122: نشتی به علت ترک قاب پایینی | L122: 1 | M122: 0 | N122: EMS | O122: - | P122: - | Q122: - | R122: - | S122: - | T122: - | U122: - | V122: - | W122: - | X122: - | Y122: - | Z122: - | AA122: - | AB122: - | AC122: 0 | AD122: 0 | AE122: 0 | AF122: 0 | AG122: 0 | AH122: 0 | AI122: 44000 | AJ122: - | AK122: - | AL122: - | AM122: - | AN122: - | AO122: - | AP122: - | AQ122: - | AR122: - | AS122: فرآیندی | AT122: - | AU122: - | AV122: - | AW122: - | AX122: 14000 | AY122: 12000 | AZ122: - | BA122: 14000 | BB122: 12000
A123: 1405/05/03 | B123: اضافه کار | C123: 3206134 | D123: تست و کنترل شده ECU S4 4coil Without Vent | E123: =VLOOKUP(C123,Table1[],3,0) -> ECU S4 4coil | F123: =VLOOKUP(C123,Table1[],4,0) -> ECU مونتاژی | G123: =VLOOKUP(C123,Table1[],5,0) -> ECU S4 4coil | H123: =VLOOKUP(C123,Table1[],6,0) -> EMS-توسعه و نگاشت موتور | I123: تست و کنترل ECU | J123: FTD-750 | K123: نشتی دور قاب | L123: 1 | M123: 0 | N123: EMS | O123: - | P123: - | Q123: - | R123: - | S123: - | T123: - | U123: - | V123: - | W123: - | X123: - | Y123: - | Z123: - | AA123: - | AB123: - | AC123: 0 | AD123: 0 | AE123: 0 | AF123: 0 | AG123: 0 | AH123: 0 | AI123: 44000 | AJ123: - | AK123: - | AL123: - | AM123: - | AN123: - | AO123: - | AP123: - | AQ123: - | AR123: - | AS123: فرآیندی | AT123: - | AU123: - | AV123: - | AW123: - | AX123: 14000 | AY123: 12000 | AZ123: - | BA123: 14000 | BB123: 12000
A124: 1405/05/03 | B124: عادی | C124: 3206134 | D124: تست و کنترل شده ECU S4 4coil Without Vent | E124: =VLOOKUP(C124,Table1[],3,0) -> ECU S4 4coil | F124: =VLOOKUP(C124,Table1[],4,0) -> ECU مونتاژی | G124: =VLOOKUP(C124,Table1[],5,0) -> ECU S4 4coil | H124: =VLOOKUP(C124,Table1[],6,0) -> EMS-توسعه و نگاشت موتور | I124: تست و کنترل ECU | J124: FTD-750 | K124: نشتی دور قاب | L124: 1 | M124: 0 | N124: EMS | O124: - | P124: - | Q124: - | R124: - | S124: - | T124: - | U124: - | V124: - | W124: - | X124: - | Y124: - | Z124: - | AA124: - | AB124: - | AC124: 0 | AD124: 0 | AE124: 0 | AF124: 0 | AG124: 0 | AH124: 0 | AI124: 44000 | AJ124: - | AK124: - | AL124: - | AM124: - | AN124: - | AO124: - | AP124: - | AQ124: - | AR124: - | AS124: فرآیندی | AT124: - | AU124: - | AV124: - | AW124: - | AX124: 14000 | AY124: 12000 | AZ124: - | BA124: 14000 | BB124: 12000
A125: 1405/05/03 | B125: اضافه کار | C125: 3206134 | D125: تست و کنترل شده ECU S4 4coil Without Vent | E125: =VLOOKUP(C125,Table1[],3,0) -> ECU S4 4coil | F125: =VLOOKUP(C125,Table1[],4,0) -> ECU مونتاژی | G125: =VLOOKUP(C125,Table1[],5,0) -> ECU S4 4coil | H125: =VLOOKUP(C125,Table1[],6,0) -> EMS-توسعه و نگاشت موتور | I125: تست و کنترل ECU | J125: FTD-751 | K125: نشتی به علت ترک قاب بالایی | L125: 1 | M125: 0 | N125: EMS | O125: - | P125: - | Q125: - | R125: - | S125: - | T125: - | U125: - | V125: - | W125: - | X125: - | Y125: - | Z125: - | AA125: - | AB125: - | AC125: 0 | AD125: 0 | AE125: 0 | AF125: 0 | AG125: 0 | AH125: 0 | AI125: 44000 | AJ125: - | AK125: - | AL125: - | AM125: - | AN125: - | AO125: - | AP125: - | AQ125: - | AR125: - | AS125: فرآیندی | AT125: - | AU125: - | AV125: - | AW125: - | AX125: 14000 | AY125: 12000 | AZ125: - | BA125: 14000 | BB125: 12000
... A170: 1405/05/28 | B170: شیفت صبح (12 ساعته) | C170: 3206133 | D170: ECU S4 4coil Without Vent تکمیل کاری شده | E170: =VLOOKUP(C170,Table1[],3,0) -> ECU S4 4coil | F170: =VLOOKUP(C170,Table1[],4,0) -> ECU مونتاژی | G170: =VLOOKUP(C170,Table1[],5,0) -> ECU S4 4coil | H170: =VLOOKUP(C170,Table1[],6,0) -> EMS-توسعه و نگاشت موتور | I170: تکمیل کاری ECU | J170: ECU-16 | K170: بریدن پیچ هنگام بستن | L170: 1 | M170: 0 | N170: EMS | O170: - | P170: - | Q170: - | R170: - | S170: - | T170: - | U170: - | V170: - | W170: - | X170: - | Y170: - | Z170: - | AA170: - | AB170: - | AC170: 0 | AD170: 0 | AE170: 0 | AF170: 0 | AG170: 0 | AH170: 0 | AI170: 44000 | AJ170: - | AK170: - | AL170: - | AM170: - | AN170: - | AO170: - | AP170: - | AQ170: - | AR170: - | AS170: فرآیندی | AT170: - | AU170: - | AV170: - | AW170: - | AX170: 14000 | AY170: 12000 | AZ170: - | BA170: 14000 | BB170: 12000

Sheet QC EMS
A1: تاریخ | B1: شیفت کاری | C1: کد گروه محصول | D1: کد محصول | E1: نام محصول | F1: خانواده محصول | G1: نام محصول ترکیبی | H1: گروه محصول نهایی | I1: ایستگاه | J1: کد ایراد | K1: شرح ایراد | L1: تعداد ایراد | M1: تعداد کل | N1: برنچ | O1: شرح فعالیت انجام شده توسط تعمیرات | P1: عامل مسبب ایراد 6M | Q1: کد قطعه | R1: نام قطعه | S1: نام تامین کننده | T1: کد و نام تجهیزات و ابزارآلات | U1: کد تجهیزات و ابزارآلات | V1: کد و نام تجهیزات و ابزارآلات1 | W1: کد فرآیند (OPC) | X1: نام فرآیند (OPC) | Y1: حالت خرابی بالقوه | Z1: نوع حالت خرابی بالقوه | AA1: توضیحات تعمیرات | AB1: ستون مشترک حالت خرابی | AC1: شدت حالت خرابی | AD1: تشخیص حالت خرابی | AE1: وقوع قدیمی | AF1: مدت زمان عیب یابی ( دقیقه ) | AG1: مدت زمان رفع عیب ( دقیقه ) | AH1: مدت زمان تست مجدد ( دقیقه ) | AI1: هزینه ریالی تعمیرات | AJ1: خانواده قطعات | AK1: شماره BOM | AL1: شماره برگ ارسال | AM1: کد اپراتور | AN1: نام اپراتور | AO1: کد بازرس چشمی | AP1: نام بازرس | AQ1: AOI | AR1: نام بازرس AOI | AS1: نوع قطعات تولیدی و تامینی | AT1: وضعیت اعلام ایرادات | AU1: توضیحات اضافه | AV1: توضیحات | AW1: Control Station | AX1: حد قابل قبول | AY1: هدف | AZ1: علت افت یا بهبود PPM | BA1: حد قابل قبول عظام | BB1: هدف عظام
A2: 1405/05/03 | B2: - | C2: 3311018 | D2: مجموعه رایانه موتور بنزینی ECU S4 XU7P SOREN (SBCM) | E2: =VLOOKUP(C2,Table1[],3,0) -> ECU S4 XUP SBCM | F2: =VLOOKUP(C2,Table1[],4,0) -> ECU مونتاژی | G2: =VLOOKUP(C2,Table1[],5,0) -> Ecu S4 32Bit Semifinal | H2: =VLOOKUP(C2,Table1[],6,0) -> EMS-توسعه و نگاشت موتور | I2: کنترل نهایی | J2: - | K2: - | L2: 0 | M2: 288 | N2: =VLOOKUP(C2,Table1[],7,0) -> EMS | O2: - | P2: - | Q2: - | R2: - | S2: - | T2: - | U2: - | V2: - | W2: - | X2: - | Y2: - | Z2: - | AA2: - | AB2: - | AC2: 0 | AD2: 0 | AE2: 0 | AF2: 0 | AG2: 0 | AH2: 0 | AI2: 44000 | AJ2: - | AK2: - | AL2: - | AM2: - | AN2: - | AO2: - | AP2: - | AQ2: - | AR2: - | AS2: فرآیندی | AT2: - | AU2: - | AV2: - | AW2: - | AX2: 14000 | AY2: 12000 | AZ2: - | BA2: 14000 | BB2: 12000
A3: 1405/05/04 | B3: - | C3: 3311018 | D3: مجموعه رایانه موتور بنزینی ECU S4 XU7P SOREN (SBCM) | E3: =VLOOKUP(C3,Table1[],3,0) -> ECU S4 XUP SBCM | F3: =VLOOKUP(C3,Table1[],4,0) -> ECU مونتاژی | G3: =VLOOKUP(C3,Table1[],5,0) -> Ecu S4 32Bit Semifinal | H3: =VLOOKUP(C3,Table1[],6,0) -> EMS-توسعه و نگاشت موتور | I3: کنترل نهایی | J3: - | K3: - | L3: 0 | M3: 288 | N3: =VLOOKUP(C3,Table1[],7,0) -> EMS | O3: - | P3: - | Q3: - | R3: - | S3: - | T3: - | U3: - | V3: - | W3: - | X3: - | Y3: - | Z3: - | AA3: - | AB3: - | AC3: 0 | AD3: 0 | AE3: 0 | AF3: 0 | AG3: 0 | AH3: 0 | AI3: 44000 | AJ3: - | AK3: - | AL3: - | AM3: - | AN3: - | AO3: - | AP3: - | AQ3: - | AR3: - | AS3: فرآیندی | AT3: - | AU3: - | AV3: - | AW3: - | AX3: 14000 | AY3: 12000 | AZ3: - | BA3: 14000 | BB3: 12000
A4: 1405/05/05 | B4: - | C4: 3311018 | D4: مجموعه رایانه موتور بنزینی ECU S4 XU7P SOREN (SBCM) | E4: =VLOOKUP(C4,Table1[],3,0) -> ECU S4 XUP SBCM | F4: =VLOOKUP(C4,Table1[],4,0) -> ECU مونتاژی | G4: =VLOOKUP(C4,Table1[],5,0) -> Ecu S4 32Bit Semifinal | H4: =VLOOKUP(C4,Table1[],6,0) -> EMS-توسعه و نگاشت موتور | I4: کنترل نهایی | J4: - | K4: - | L4: 0 | M4: 224 | N4: =VLOOKUP(C4,Table1[],7,0) -> EMS | O4: - | P4: - | Q4: - | R4: - | S4: - | T4: - | U4: - | V4: - | W4: - | X4: - | Y4: - | Z4: - | AA4: - | AB4: - | AC4: 0 | AD4: 0 | AE4: 0 | AF4: 0 | AG4: 0 | AH4: 0 | AI4: 44000 | AJ4: - | AK4: - | AL4: - | AM4: - | AN4: - | AO4: - | AP4: - | AQ4: - | AR4: - | AS4: فرآیندی | AT4: - | AU4: - | AV4: - | AW4: - | AX4: 14000 | AY4: 12000 | AZ4: - | BA4: 14000 | BB4: 12000
A5: 1405/05/06 | B5: - | C5: 3311018 | D5: مجموعه رایانه موتور بنزینی ECU S4 XU7P SOREN (SBCM) | E5: =VLOOKUP(C5,Table1[],3,0) -> ECU S4 XUP SBCM | F5: =VLOOKUP(C5,Table1[],4,0) -> ECU مونتاژی | G5: =VLOOKUP(C5,Table1[],5,0) -> Ecu S4 32Bit Semifinal | H5: =VLOOKUP(C5,Table1[],6,0) -> EMS-توسعه و نگاشت موتور | I5: کنترل نهایی | J5: - | K5: - | L5: 0 | M5: 288 | N5: =VLOOKUP(C5,Table1[],7,0) -> EMS | O5: - | P5: - | Q5: - | R5: - | S5: - | T5: - | U5: - | V5: - | W5: - | X5: - | Y5: - | Z5: - | AA5: - | AB5: - | AC5: 0 | AD5: 0 | AE5: 0 | AF5: 0 | AG5: 0 | AH5: 0 | AI5: 44000 | AJ5: - | AK5: - | AL5: - | AM5: - | AN5: - | AO5: - | AP5: - | AQ5: - | AR5: - | AS5: فرآیندی | AT5: - | AU5: - | AV5: - | AW5: - | AX5: 14000 | AY5: 12000 | AZ5: - | BA5: 14000 | BB5: 12000
A6: 1405/05/07 | B6: - | C6: 3311018 | D6: مجموعه رایانه موتور بنزینی ECU S4 XU7P SOREN (SBCM) | E6: =VLOOKUP(C6,Table1[],3,0) -> ECU S4 XUP SBCM | F6: =VLOOKUP(C6,Table1[],4,0) -> ECU مونتاژی | G6: =VLOOKUP(C6,Table1[],5,0) -> Ecu S4 32Bit Semifinal | H6: =VLOOKUP(C6,Table1[],6,0) -> EMS-توسعه و نگاشت موتور | I6: کنترل نهایی | J6: - | K6: - | L6: 0 | M6: 224 | N6: =VLOOKUP(C6,Table1[],7,0) -> EMS | O6: - | P6: - | Q6: - | R6: - | S6: - | T6: - | U6: - | V6: - | W6: - | X6: - | Y6: - | Z6: - | AA6: - | AB6: - | AC6: 0 | AD6: 0 | AE6: 0 | AF6: 0 | AG6: 0 | AH6: 0 | AI6: 44000 | AJ6: - | AK6: - | AL6: - | AM6: - | AN6: - | AO6: - | AP6: - | AQ6: - | AR6: - | AS6: فرآیندی | AT6: - | AU6: - | AV6: - | AW6: - | AX6: 14000 | AY6: 12000 | AZ6: - | BA6: 14000 | BB6: 12000
A7: 1405/05/08 | B7: - | C7: 3311018 | D7: مجموعه رایانه موتور بنزینی ECU S4 XU7P SOREN (SBCM) | E7: =VLOOKUP(C7,Table1[],3,0) -> ECU S4 XUP SBCM | F7: =VLOOKUP(C7,Table1[],4,0) -> ECU مونتاژی | G7: =VLOOKUP(C7,Table1[],5,0) -> Ecu S4 32Bit Semifinal | H7: =VLOOKUP(C7,Table1[],6,0) -> EMS-توسعه و نگاشت موتور | I7: کنترل نهایی | J7: - | K7: - | L7: 0 | M7: 400 | N7: =VLOOKUP(C7,Table1[],7,0) -> EMS | O7: - | P7: - | Q7: - | R7: - | S7: - | T7: - | U7: - | V7: - | W7: - | X7: - | Y7: - | Z7: - | AA7: - | AB7: - | AC7: 0 | AD7: 0 | AE7: 0 | AF7: 0 | AG7: 0 | AH7: 0 | AI7: 44000 | AJ7: - | AK7: - | AL7: - | AM7: - | AN7: - | AO7: - | AP7: - | AQ7: - | AR7: - | AS7: فرآیندی | AT7: - | AU7: - | AV7: - | AW7: - | AX7: 14000 | AY7: 12000 | AZ7: - | BA7: 14000 | BB7: 12000
A8: 1405/05/10 | B8: - | C8: 3311018 | D8: مجموعه رایانه موتور بنزینی ECU S4 XU7P SOREN (SBCM) | E8: =VLOOKUP(C8,Table1[],3,0) -> ECU S4 XUP SBCM | F8: =VLOOKUP(C8,Table1[],4,0) -> ECU مونتاژی | G8: =VLOOKUP(C8,Table1[],5,0) -> Ecu S4 32Bit Semifinal | H8: =VLOOKUP(C8,Table1[],6,0) -> EMS-توسعه و نگاشت موتور | I8: کنترل نهایی | J8: - | K8: - | L8: 0 | M8: 24 | N8: =VLOOKUP(C8,Table1[],7,0) -> EMS | O8: - | P8: - | Q8: - | R8: - | S8: - | T8: - | U8: - | V8: - | W8: - | X8: - | Y8: - | Z8: - | AA8: - | AB8: - | AC8: 0 | AD8: 0 | AE8: 0 | AF8: 0 | AG8: 0 | AH8: 0 | AI8: 44000 | AJ8: - | AK8: - | AL8: - | AM8: - | AN8: - | AO8: - | AP8: - | AQ8: - | AR8: - | AS8: فرآیندی | AT8: - | AU8: - | AV8: - | AW8: - | AX8: 14000 | AY8: 12000 | AZ8: - | BA8: 14000 | BB8: 12000
A9: 1405/05/11 | B9: - | C9: 3311018 | D9: مجموعه رایانه موتور بنزینی ECU S4 XU7P SOREN (SBCM) | E9: =VLOOKUP(C9,Table1[],3,0) -> ECU S4 XUP SBCM | F9: =VLOOKUP(C9,Table1[],4,0) -> ECU مونتاژی | G9: =VLOOKUP(C9,Table1[],5,0) -> Ecu S4 32Bit Semifinal | H9: =VLOOKUP(C9,Table1[],6,0) -> EMS-توسعه و نگاشت موتور | I9: کنترل نهایی | J9: - | K9: - | L9: 0 | M9: 224 | N9: =VLOOKUP(C9,Table1[],7,0) -> EMS | O9: - | P9: - | Q9: - | R9: - | S9: - | T9: - | U9: - | V9: - | W9: - | X9: - | Y9: - | Z9: - | AA9: - | AB9: - | AC9: 0 | AD9: 0 | AE9: 0 | AF9: 0 | AG9: 0 | AH9: 0 | AI9: 44000 | AJ9: - | AK9: - | AL9: - | AM9: - | AN9: - | AO9: - | AP9: - | AQ9: - | AR9: - | AS9: فرآیندی | AT9: - | AU9: - | AV9: - | AW9: - | AX9: 14000 | AY9: 12000 | AZ9: - | BA9: 14000 | BB9: 12000
A10: 1405/05/12 | B10: - | C10: 3311018 | D10: مجموعه رایانه موتور بنزینی ECU S4 XU7P SOREN (SBCM) | E10: =VLOOKUP(C10,Table1[],3,0) -> ECU S4 XUP SBCM | F10: =VLOOKUP(C10,Table1[],4,0) -> ECU مونتاژی | G10: =VLOOKUP(C10,Table1[],5,0) -> Ecu S4 32Bit Semifinal | H10: =VLOOKUP(C10,Table1[],6,0) -> EMS-توسعه و نگاشت موتور | I10: کنترل نهایی | J10: - | K10: - | L10: 0 | M10: 24 | N10: =VLOOKUP(C10,Table1[],7,0) -> EMS | O10: - | P10: - | Q10: - | R10: - | S10: - | T10: - | U10: - | V10: - | W10: - | X10: - | Y10: - | Z10: - | AA10: - | AB10: - | AC10: 0 | AD10: 0 | AE10: 0 | AF10: 0 | AG10: 0 | AH10: 0 | AI10: 44000 | AJ10: - | AK10: - | AL10: - | AM10: - | AN10: - | AO10: - | AP10: - | AQ10: - | AR10: - | AS10: فرآیندی | AT10: - | AU10: - | AV10: - | AW10: - | AX10: 14000 | AY10: 12000 | AZ10: - | BA10: 14000 | BB10: 12000
A11: 1405/05/24 | B11: - | C11: 3311018 | D11: مجموعه رایانه موتور بنزینی ECU S4 XU7P SOREN (SBCM) | E11: =VLOOKUP(C11,Table1[],3,0) -> ECU S4 XUP SBCM | F11: =VLOOKUP(C11,Table1[],4,0) -> ECU مونتاژی | G11: =VLOOKUP(C11,Table1[],5,0) -> Ecu S4 32Bit Semifinal | H11: =VLOOKUP(C11,Table1[],6,0) -> EMS-توسعه و نگاشت موتور | I11: کنترل نهایی | J11: - | K11: - | L11: 0 | M11: 288 | N11: =VLOOKUP(C11,Table1[],7,0) -> EMS | O11: - | P11: - | Q11: - | R11: - | S11: - | T11: - | U11: - | V11: - | W11: - | X11: - | Y11: - | Z11: - | AA11: - | AB11: - | AC11: 0 | AD11: 0 | AE11: 0 | AF11: 0 | AG11: 0 | AH11: 0 | AI11: 44000 | AJ11: - | AK11: - | AL11: - | AM11: - | AN11: - | AO11: - | AP11: - | AQ11: - | AR11: - | AS11: فرآیندی | AT11: - | AU11: - | AV11: - | AW11: - | AX11: 14000 | AY11: 12000 | AZ11: - | BA11: 14000 | BB11: 12000
A12: 1405/05/25 | B12: - | C12: 3311018 | D12: مجموعه رایانه موتور بنزینی ECU S4 XU7P SOREN (SBCM) | E12: =VLOOKUP(C12,Table1[],3,0) -> ECU S4 XUP SBCM | F12: =VLOOKUP(C12,Table1[],4,0) -> ECU مونتاژی | G12: =VLOOKUP(C12,Table1[],5,0) -> Ecu S4 32Bit Semifinal | H12: =VLOOKUP(C12,Table1[],6,0) -> EMS-توسعه و نگاشت موتور | I12: کنترل نهایی | J12: - | K12: - | L12: 0 | M12: 288 | N12: =VLOOKUP(C12,Table1[],7,0) -> EMS | O12: - | P12: - | Q12: - | R12: - | S12: - | T12: - | U12: - | V12: - | W12: - | X12: - | Y12: - | Z12: - | AA12: - | AB12: - | AC12: 0 | AD12: 0 | AE12: 0 | AF12: 0 | AG12: 0 | AH12: 0 | AI12: 44000 | AJ12: - | AK12: - | AL12: - | AM12: - | AN12: - | AO12: - | AP12: - | AQ12: - | AR12: - | AS12: فرآیندی | AT12: - | AU12: - | AV12: - | AW12: - | AX12: 14000 | AY12: 12000 | AZ12: - | BA12: 14000 | BB12: 12000
A13: 1405/05/26 | B13: - | C13: 3311018 | D13: مجموعه رایانه موتور بنزینی ECU S4 XU7P SOREN (SBCM) | E13: =VLOOKUP(C13,Table1[],3,0) -> ECU S4 XUP SBCM | F13: =VLOOKUP(C13,Table1[],4,0) -> ECU مونتاژی | G13: =VLOOKUP(C13,Table1[],5,0) -> Ecu S4 32Bit Semifinal | H13: =VLOOKUP(C13,Table1[],6,0) -> EMS-توسعه و نگاشت موتور | I13: کنترل نهایی | J13: - | K13: - | L13: 0 | M13: 288 | N13: =VLOOKUP(C13,Table1[],7,0) -> EMS | O13: - | P13: - | Q13: - | R13: - | S13: - | T13: - | U13: - | V13: - | W13: - | X13: - | Y13: - | Z13: - | AA13: - | AB13: - | AC13: 0 | AD13: 0 | AE13: 0 | AF13: 0 | AG13: 0 | AH13: 0 | AI13: 44000 | AJ13: - | AK13: - | AL13: - | AM13: - | AN13: - | AO13: - | AP13: - | AQ13: - | AR13: - | AS13: فرآیندی | AT13: - | AU13: - | AV13: - | AW13: - | AX13: 14000 | AY13: 12000 | AZ13: - | BA13: 14000 | BB13: 12000
... A236: 1405/05/31 | B236: - | C236: 3206133 | D236: ECU S4 4coil Without Vent تکمیل کاری شده | E236: =VLOOKUP(C236,Table1[],3,0) -> ECU S4 4coil | F236: =VLOOKUP(C236,Table1[],4,0) -> ECU مونتاژی | G236: =VLOOKUP(C236,Table1[],5,0) -> ECU S4 4coil | H236: =VLOOKUP(C236,Table1[],6,0) -> EMS-توسعه و نگاشت موتور | I236: کنترل نهایی | J236: ECU-07 | K236: کار نمی کند | L236: 3 | M236: 0 | N236: =VLOOKUP(C236,Table1[],7,0) -> EMS | O236: - | P236: تجهیرات و ماشین آلات | Q236: 3121411 | R236: ECU S4 4coil PCBA | S236: - | T236: - | U236: - | V236: - | W236: - | X236: - | Y236: - | Z236: - | AA236: - | AB236: - | AC236: 0 | AD236: 0 | AE236: 0 | AF236: 0 | AG236: 0 | AH236: 0 | AI236: 44000 | AJ236: برد | AK236: - | AL236: - | AM236: - | AN236: - | AO236: - | AP236: - | AQ236: - | AR236: - | AS236: فرآیندی | AT236: - | AU236: - | AV236: - | AW236: - | AX236: 14000 | AY236: 12000 | AZ236: - | BA236: 14000 | BB236: 12000
A237: 1405/05/25 | C237: 3328509 | D237: سنسور ABS عقب چپ 405 و سمند یوفین - دیسکی | E237: =VLOOKUP(C237,Table1[],3,0) -> سنسور ABS عقب چپ 405 و سمند یوفین - دیسکی | F237: =VLOOKUP(C237,Table1[],4,0) -> سنسور ABS | G237: =VLOOKUP(C237,Table1[],5,0) -> سنسور ABS عقب چپ دیسکی 405 یوفین | H237: =VLOOKUP(C237,Table1[],6,0) -> SBS-سیستم های ایمنی ترمز | I237: کنترل نهایی | J237: AD-704 | K237: شکل ظاهری نامناسب تزریق اسکتون | L237: 6 | M237: 0 | N237: =VLOOKUP(C237,Table1[],7,0) -> EMS | O237: - | P237: - | Q237: - | R237: - | S237: - | T237: - | U237: - | V237: - | W237: - | X237: - | Y237: - | Z237: - | AA237: - | AB237: - | AC237: 0 | AD237: 0 | AE237: 0 | AF237: 0 | AG237: 0 | AH237: 0 | AI237: 44000 | AJ237: برد | AK237: - | AL237: - | AM237: - | AN237: - | AO237: - | AP237: - | AQ237: - | AR237: - | AS237: فرآیندی | AT237: - | AU237: - | AV237: - | AW237: - | AX237: 14000 | AY237: 12000 | AZ237: - | BA237: 14000 | BB237: 12000
A238: 1405/05/26 | B238: عادی | C238: 3328510 | D238: سنسور ABS عقب راست 405 و سمند یوفین - دیسکی | E238: =VLOOKUP(C238,Table1[],3,0) -> سنسور ABS عقب راست 405 و سمند یوفین - دیسکی | F238: =VLOOKUP(C238,Table1[],4,0) -> سنسور ABS | G238: =VLOOKUP(C238,Table1[],5,0) -> سنسور ABS عقب راست دیسکی سمند/405 | H238: =VLOOKUP(C238,Table1[],6,0) -> SBS-سیستم های ایمنی ترمز | I238: کنترل نهایی | J238: AD-704 | K238: شکل ظاهری نامناسب تزریق اسکتون | L238: 10 | M238: 1 | N238: =VLOOKUP(C238,Table1[],7,0) -> EMS | O238: - | P238: - | Q238: - | R238: - | S238: - | T238: - | U238: - | V238: - | W238: - | X238: - | Y238: - | Z238: - | AA238: - | AB238: - | AC238: 0 | AD238: 0 | AE238: 0 | AF238: 0 | AG238: 0 | AH238: 0 | AI238: 44000 | AJ238: برد | AK238: - | AL238: - | AM238: - | AN238: - | AO238: - | AP238: - | AQ238: - | AR238: - | AS238: فرآیندی | AT238: - | AU238: - | AV238: - | AW238: - | AX238: 14000 | AY238: 12000 | AZ238: - | BA238: 14000 | BB238: 12000
A239: 1405/05/25 | B239: عادی | C239: 3323001 | D239: کارت حاوی کد دسترسی SSAT - ETC | E239: =VLOOKUP(C239,Table1[],3,0) -> کارت حاوی کد دسترسی SSAT ETC | F239: =VLOOKUP(C239,Table1[],4,0) -> کارت حاوی کد دسترسی | G239: =VLOOKUP(C239,Table1[],5,0) -> کارت حاوی کد دسترسی SSAT ETC | H239: =VLOOKUP(C239,Table1[],6,0) -> EMS-توسعه و نگاشت موتور | I239: کنترل نهایی | J239: AD-748 | K239: عدم تطابق اطلاعات لیبل شناسایی و ردیابی با محصول | L239: 1 | M239: 2 | N239: =VLOOKUP(C239,Table1[],7,0) -> EMS | O239: - | P239: - | Q239: - | R239: - | S239: - | T239: - | U239: - | V239: - | W239: - | X239: - | Y239: - | Z239: - | AA239: - | AB239: - | AC239: 0 | AD239: 0 | AE239: 0 | AF239: 0 | AG239: 0 | AH239: 0 | AI239: 44000 | AJ239: برد | AK239: - | AL239: - | AM239: - | AN239: - | AO239: - | AP239: - | AQ239: - | AR239: - | AS239: فرآیندی | AT239: - | AU239: - | AV239: - | AW239: - | AX239: 14000 | AY239: 12000 | AZ239: - | BA239: 14000 | BB239: 12000
A240: 1405/05/28 | B240: عادی | C240: 3328509 | D240: سنسور ABS عقب چپ 405 و سمند یوفین - دیسکی | E240: =VLOOKUP(C240,Table1[],3,0) -> سنسور ABS عقب چپ 405 و سمند یوفین - دیسکی | F240: =VLOOKUP(C240,Table1[],4,0) -> سنسور ABS | G240: =VLOOKUP(C240,Table1[],5,0) -> سنسور ABS عقب چپ دیسکی 405 یوفین | H240: =VLOOKUP(C240,Table1[],6,0) -> SBS-سیستم های ایمنی ترمز | I240: کنترل نهایی | J240: AD-704 | K240: شکل ظاهری نامناسب تزریق اسکتون | L240: 6 | M240: 3 | N240: =VLOOKUP(C240,Table1[],7,0) -> EMS | O240: - | P240: - | Q240: - | R240: - | S240: - | T240: - | U240: - | V240: - | W240: - | X240: - | Y240: - | Z240: - | AA240: - | AB240: - | AC240: 0 | AD240: 0 | AE240: 0 | AF240: 0 | AG240: 0 | AH240: 0 | AI240: 44000 | AJ240: برد | AK240: - | AL240: - | AM240: - | AN240: - | AO240: - | AP240: - | AQ240: - | AR240: - | AS240: فرآیندی | AT240: - | AU240: - | AV240: - | AW240: - | AX240: 14000 | AY240: 12000 | AZ240: - | BA240: 14000 | BB240: 12000
A241: 1405/05/28 | C241: 3328510 | D241: سنسور ABS عقب راست 405 و سمند یوفین - دیسکی | E241: =VLOOKUP(C241,Table1[],3,0) -> سنسور ABS عقب راست 405 و سمند یوفین - دیسکی | F241: =VLOOKUP(C241,Table1[],4,0) -> سنسور ABS | G241: =VLOOKUP(C241,Table1[],5,0) -> سنسور ABS عقب راست دیسکی سمند/405 | H241: =VLOOKUP(C241,Table1[],6,0) -> SBS-سیستم های ایمنی ترمز | I241: کنترل نهایی | J241: AD-704 | K241: شکل ظاهری نامناسب تزریق اسکتون | L241: 7 | M241: 4 | N241: =VLOOKUP(C241,Table1[],7,0) -> EMS | O241: - | P241: - | Q241: - | R241: - | S241: - | T241: - | U241: - | V241: - | W241: - | X241: - | Y241: - | Z241: - | AA241: - | AB241: - | AC241: 0 | AD241: 0 | AE241: 0 | AF241: 0 | AG241: 0 | AH241: 0 | AI241: 44000 | AJ241: برد | AK241: - | AL241: - | AM241: - | AN241: - | AO241: - | AP241: - | AQ241: - | AR241: - | AS241: فرآیندی | AT241: - | AU241: - | AV241: - | AW241: - | AX241: 14000 | AY241: 12000 | AZ241: - | BA241: 14000 | BB241: 12000
A242: 1405/06/01 | B242: عادی | C242: 3328509 | D242: سنسور ABS عقب چپ 405 و سمند یوفین - دیسکی | E242: =VLOOKUP(C242,Table1[],3,0) -> سنسور ABS عقب چپ 405 و سمند یوفین - دیسکی | F242: =VLOOKUP(C242,Table1[],4,0) -> سنسور ABS | G242: =VLOOKUP(C242,Table1[],5,0) -> سنسور ABS عقب چپ دیسکی 405 یوفین | H242: =VLOOKUP(C242,Table1[],6,0) -> SBS-سیستم های ایمنی ترمز | I242: کنترل نهایی | J242: AD-704 | K242: شکل ظاهری نامناسب تزریق اسکتون | L242: 2 | M242: 5 | N242: =VLOOKUP(C242,Table1[],7,0) -> EMS | O242: - | P242: - | Q242: - | R242: - | S242: - | T242: - | U242: - | V242: - | W242: - | X242: - | Y242: - | Z242: - | AA242: - | AB242: - | AC242: 0 | AD242: 0 | AE242: 0 | AF242: 0 | AG242: 0 | AH242: 0 | AI242: 44000 | AJ242: برد | AK242: - | AL242: - | AM242: - | AN242: - | AO242: - | AP242: - | AQ242: - | AR242: - | AS242: فرآیندی | AT242: - | AU242: - | AV242: - | AW242: - | AX242: 14000 | AY242: 12000 | AZ242: - | BA242: 14000 | BB242: 12000
A243: 1405/06/02 | B243: عادی | C243: 3328509 | D243: سنسور ABS عقب چپ 405 و سمند یوفین - دیسکی | E243: =VLOOKUP(C243,Table1[],3,0) -> سنسور ABS عقب چپ 405 و سمند یوفین - دیسکی | F243: =VLOOKUP(C243,Table1[],4,0) -> سنسور ABS | G243: =VLOOKUP(C243,Table1[],5,0) -> سنسور ABS عقب چپ دیسکی 405 یوفین | H243: =VLOOKUP(C243,Table1[],6,0) -> SBS-سیستم های ایمنی ترمز | I243: کنترل نهایی | J243: AD-704 | K243: شکل ظاهری نامناسب تزریق اسکتون | L243: 3 | M243: 6 | N243: =VLOOKUP(C243,Table1[],7,0) -> EMS | O243: - | P243: - | Q243: - | R243: - | S243: - | T243: - | U243: - | V243: - | W243: - | X243: - | Y243: - | Z243: - | AA243: - | AB243: - | AC243: 0 | AD243: 0 | AE243: 0 | AF243: 0 | AG243: 0 | AH243: 0 | AI243: 44000 | AJ243: برد | AK243: - | AL243: - | AM243: - | AN243: - | AO243: - | AP243: - | AQ243: - | AR243: - | AS243: فرآیندی | AT243: - | AU243: - | AV243: - | AW243: - | AX243: 14000 | AY243: 12000 | AZ243: - | BA243: 14000 | BB243: 12000
A244: 1405/06/03 | B244: عادی | C244: 3328509 | D244: سنسور ABS عقب چپ 405 و سمند یوفین - دیسکی | E244: =VLOOKUP(C244,Table1[],3,0) -> سنسور ABS عقب چپ 405 و سمند یوفین - دیسکی | F244: =VLOOKUP(C244,Table1[],4,0) -> سنسور ABS | G244: =VLOOKUP(C244,Table1[],5,0) -> سنسور ABS عقب چپ دیسکی 405 یوفین | H244: =VLOOKUP(C244,Table1[],6,0) -> SBS-سیستم های ایمنی ترمز | I244: کنترل نهایی | J244: AD-704 | K244: شکل ظاهری نامناسب تزریق اسکتون | L244: 1 | M244: 7 | N244: =VLOOKUP(C244,Table1[],7,0) -> EMS | O244: - | P244: - | Q244: - | R244: - | S244: - | T244: - | U244: - | V244: - | W244: - | X244: - | Y244: - | Z244: - | AA244: - | AB244: - | AC244: 0 | AD244: 0 | AE244: 0 | AF244: 0 | AG244: 0 | AH244: 0 | AI244: 44000 | AJ244: برد | AK244: - | AL244: - | AM244: - | AN244: - | AO244: - | AP244: - | AQ244: - | AR244: - | AS244: فرآیندی | AT244: - | AU244: - | AV244: - | AW244: - | AX244: 14000 | AY244: 12000 | AZ244: - | BA244: 14000 | BB244: 12000

Sheet ICT
A1: تاریخ | B1: شیفت کاری | C1: کد گروه محصول | D1: کد محصول | E1: نام محصول | F1: خانواده محصول | G1: نام محصول ترکیبی | H1: گروه محصول نهایی | I1: ایستگاه | J1: کد ایراد | K1: شرح ایراد | L1: تعداد ایراد | M1: تعداد کل | N1: برنچ | O1: شرح فعالیت انجام شده توسط تعمیرات | P1: عامل مسبب ایراد 6M | Q1: کد قطعه | R1: نام قطعه | S1: نام تامین کننده | T1: کد و نام تجهیزات و ابزارآلات | U1: کد تجهیزات و ابزارآلات | V1: کد و نام تجهیزات و ابزارآلات1 | W1: کد فرآیند (OPC) | X1: نام فرآیند (OPC) | Y1: حالت خرابی بالقوه | Z1: نوع حالت خرابی بالقوه | AA1: توضیحات تعمیرات | AB1: ستون مشترک حالت خرابی | AC1: شدت حالت خرابی | AD1: تشخیص حالت خرابی | AE1: وقوع قدیمی | AF1: مدت زمان عیب یابی ( دقیقه ) | AG1: مدت زمان رفع عیب ( دقیقه ) | AH1: مدت زمان تست مجدد ( دقیقه ) | AI1: هزینه ریالی تعمیرات | AJ1: خانواده قطعات | AK1: شماره BOM | AL1: شماره برگ ارسال | AM1: کد اپراتور | AN1: نام اپراتور | AO1: کد بازرس چشمی | AP1: نام بازرس | AQ1: AOI | AR1: نام بازرس AOI | AS1: نوع قطعات تولیدی و تامینی | AT1: وضعیت اعلام ایرادات | AU1: توضیحات اضافه | AV1: توضیحات | AW1: Control Station | AX1: حد قابل قبول | AY1: هدف | AZ1: علت افت یا بهبود PPM | BA1: حد قابل قبول عظام | BB1: هدف عظام
A2: 1405/05/01 | B2: - | C2: 1221634 | D2: جعبه الکترونیکی تکمیل کاری شده SBM 206 F1K | E2: =VLOOKUP(C2,Table1[],3,0) -> SBM SOREN | F2: =VLOOKUP(C2,Table1[],4,0) -> SBM | G2: =VLOOKUP(C2,Table1[],5,0) -> SBM | H2: =VLOOKUP(C2,Table1[],6,0) -> Nodes | I2: ICT | J2: ICT_01 | K2: کار نمی کند | L2: 1 | M2: 0 | N2: =VLOOKUP(C2,Table1[],7,0) -> ELE | O2: بازکاری | P2: روش | Q2: 1110401 | R2: IC ULQ2003D1013TRY | S2: - | T2: - | U2: - | V2: - | W2: - | X2: - | Y2: - | Z2: - | AA2: اتصالی | AB2: - | AC2: 0 | AD2: 0 | AE2: 0 | AF2: 5 | AG2: 2 | AH2: 1 | AI2: 44000 | AJ2: IC | AK2: - | AL2: - | AM2: - | AN2: - | AO2: - | AP2: - | AQ2: - | AR2: - | AS2: فرآیندی | AT2: - | AU2: - | AV2: - | AW2: - | AX2: 14000 | AY2: 12000 | AZ2: - | BA2: 14000 | BB2: 12000
A3: 1405/05/01 | B3: - | C3: 1221634 | D3: جعبه الکترونیکی تکمیل کاری شده SBM 206 F1K | E3: =VLOOKUP(C3,Table1[],3,0) -> SBM SOREN | F3: =VLOOKUP(C3,Table1[],4,0) -> SBM | G3: =VLOOKUP(C3,Table1[],5,0) -> SBM | H3: =VLOOKUP(C3,Table1[],6,0) -> Nodes | I3: ICT | J3: ICT_01 | K3: کار نمی کند | L3: 1 | M3: 0 | N3: =VLOOKUP(C3,Table1[],7,0) -> ELE | O3: بازکاری | P3: مواد اولیه | Q3: 1100013 | R3: PCB_SBM_F1K144_C2 | S3: KN | T3: - | U3: - | V3: - | W3: - | X3: - | Y3: - | Z3: - | AA3: چاپ سبز بر روی پد | AB3: - | AC3: 0 | AD3: 0 | AE3: 0 | AF3: 20 | AG3: 6 | AH3: 1 | AI3: 44000 | AJ3: برد | AK3: - | AL3: - | AM3: - | AN3: - | AO3: - | AP3: - | AQ3: - | AR3: - | AS3: فرآیندی | AT3: - | AU3: - | AV3: - | AW3: - | AX3: 14000 | AY3: 12000 | AZ3: - | BA3: 14000 | BB3: 12000
A4: 1405/05/01 | B4: - | C4: 1221634 | D4: جعبه الکترونیکی تکمیل کاری شده SBM 206 F1K | E4: =VLOOKUP(C4,Table1[],3,0) -> SBM SOREN | F4: =VLOOKUP(C4,Table1[],4,0) -> SBM | G4: =VLOOKUP(C4,Table1[],5,0) -> SBM | H4: =VLOOKUP(C4,Table1[],6,0) -> Nodes | I4: ICT | J4: ICT_01 | K4: کار نمی کند | L4: 2 | M4: 0 | N4: =VLOOKUP(C4,Table1[],7,0) -> ELE | O4: تعمیر | P4: روش | Q4: 1110101 | R4: Capacitor 47nF, X7R, 50V, 10% | S4: - | T4: - | U4: - | V4: - | W4: - | X4: - | Y4: - | Z4: - | AA4: قطعه شکسته | AB4: - | AC4: 0 | AD4: 0 | AE4: 0 | AF4: 5 | AG4: 3 | AH4: 1 | AI4: 44000 | AJ4: خازن | AK4: - | AL4: - | AM4: - | AN4: - | AO4: - | AP4: - | AQ4: - | AR4: - | AS4: فرآیندی | AT4: - | AU4: - | AV4: - | AW4: - | AX4: 14000 | AY4: 12000 | AZ4: - | BA4: 14000 | BB4: 12000
A5: 1405/05/01 | B5: - | C5: 1221634 | D5: جعبه الکترونیکی تکمیل کاری شده SBM 206 F1K | E5: =VLOOKUP(C5,Table1[],3,0) -> SBM SOREN | F5: =VLOOKUP(C5,Table1[],4,0) -> SBM | G5: =VLOOKUP(C5,Table1[],5,0) -> SBM | H5: =VLOOKUP(C5,Table1[],6,0) -> Nodes | I5: ICT | J5: ICT_01 | K5: کار نمی کند | L5: 1 | M5: 0 | N5: =VLOOKUP(C5,Table1[],7,0) -> ELE | O5: تعمیر | P5: اپراتور | Q5: 1110901 | R5: Diode 1N4007WS | S5: - | T5: - | U5: - | V5: - | W5: - | X5: - | Y5: - | Z5: - | AA5: جهت قطعه برعکس | AB5: - | AC5: 0 | AD5: 0 | AE5: 0 | AF5: 5 | AG5: 3 | AH5: 1 | AI5: 44000 | AJ5: دیود | AK5: - | AL5: - | AM5: - | AN5: - | AO5: - | AP5: محمد فرضی زاده | AQ5: - | AR5: - | AS5: فرآیندی | AT5: - | AU5: - | AV5: - | AW5: - | AX5: 14000 | AY5: 12000 | AZ5: - | BA5: 14000 | BB5: 12000
A6: 1405/05/01 | B6: - | C6: 1221634 | D6: جعبه الکترونیکی تکمیل کاری شده SBM 206 F1K | E6: =VLOOKUP(C6,Table1[],3,0) -> SBM SOREN | F6: =VLOOKUP(C6,Table1[],4,0) -> SBM | G6: =VLOOKUP(C6,Table1[],5,0) -> SBM | H6: =VLOOKUP(C6,Table1[],6,0) -> Nodes | I6: ICT | J6: ICT_01 | K6: کار نمی کند | L6: 1 | M6: 0 | N6: =VLOOKUP(C6,Table1[],7,0) -> ELE | O6: بازکاری | P6: تجهیرات و ماشین آلات | Q6: 1110075 | R6: Capacitor 10N,50V,X7R,10% | S6: - | T6: - | U6: - | V6: MWS-04/WAVE SOLDERING | W6: - | X6: - | Y6: - | Z6: - | AA6: اتصالی | AB6: - | AC6: 0 | AD6: 0 | AE6: 0 | AF6: 4 | AG6: 5 | AH6: 1 | AI6: 44000 | AJ6: خازن | AK6: - | AL6: - | AM6: - | AN6: - | AO6: - | AP6: - | AQ6: - | AR6: - | AS6: فرآیندی | AT6: - | AU6: - | AV6: - | AW6: - | AX6: 14000 | AY6: 12000 | AZ6: - | BA6: 14000 | BB6: 12000
A7: 1405/05/01 | B7: - | C7: 1221634 | D7: جعبه الکترونیکی تکمیل کاری شده SBM 206 F1K | E7: =VLOOKUP(C7,Table1[],3,0) -> SBM SOREN | F7: =VLOOKUP(C7,Table1[],4,0) -> SBM | G7: =VLOOKUP(C7,Table1[],5,0) -> SBM | H7: =VLOOKUP(C7,Table1[],6,0) -> Nodes | I7: ICT | J7: ICT_01 | K7: کار نمی کند | L7: 1 | M7: 0 | N7: =VLOOKUP(C7,Table1[],7,0) -> ELE | O7: تعمیر | P7: مواد اولیه | Q7: 1110484 | R7: IC BSP78 | S7: - | T7: - | U7: - | V7: - | W7: - | X7: - | Y7: - | Z7: - | AA7: تعویض قطعه | AB7: - | AC7: 0 | AD7: 0 | AE7: 0 | AF7: 9 | AG7: 6 | AH7: 1 | AI7: 44000 | AJ7: IC | AK7: - | AL7: - | AM7: - | AN7: - | AO7: - | AP7: - | AQ7: - | AR7: - | AS7: فرآیندی | AT7: - | AU7: اتصالی | AV7: - | AW7: - | AX7: 14000 | AY7: 12000 | AZ7: - | BA7: 14000 | BB7: 12000
A8: 1405/05/01 | B8: - | C8: 1221634 | D8: جعبه الکترونیکی تکمیل کاری شده SBM 206 F1K | E8: =VLOOKUP(C8,Table1[],3,0) -> SBM SOREN | F8: =VLOOKUP(C8,Table1[],4,0) -> SBM | G8: =VLOOKUP(C8,Table1[],5,0) -> SBM | H8: =VLOOKUP(C8,Table1[],6,0) -> Nodes | I8: ICT | J8: ICT_01 | K8: کار نمی کند | L8: 1 | M8: 0 | N8: =VLOOKUP(C8,Table1[],7,0) -> ELE | O8: تعمیر | P8: روش | Q8: 1110102 | R8: Capacitor 4.7uF,50V,X7R,10% | S8: - | T8: - | U8: - | V8: - | W8: - | X8: - | Y8: - | Z8: - | AA8: قطعه شکسته | AB8: - | AC8: 0 | AD8: 0 | AE8: 0 | AF8: 5 | AG8: 3 | AH8: 1 | AI8: 44000 | AJ8: خازن | AK8: - | AL8: - | AM8: - | AN8: - | AO8: - | AP8: - | AQ8: - | AR8: - | AS8: فرآیندی | AT8: - | AU8: - | AV8: - | AW8: - | AX8: 14000 | AY8: 12000 | AZ8: - | BA8: 14000 | BB8: 12000
A9: 1405/05/01 | B9: - | C9: 1221634 | D9: جعبه الکترونیکی تکمیل کاری شده SBM 206 F1K | E9: =VLOOKUP(C9,Table1[],3,0) -> SBM SOREN | F9: =VLOOKUP(C9,Table1[],4,0) -> SBM | G9: =VLOOKUP(C9,Table1[],5,0) -> SBM | H9: =VLOOKUP(C9,Table1[],6,0) -> Nodes | I9: ICT | J9: ICT_01 | K9: کار نمی کند | L9: 1 | M9: 0 | N9: =VLOOKUP(C9,Table1[],7,0) -> ELE | O9: تعمیر | P9: تجهیرات و ماشین آلات | Q9: 1110901 | R9: Diode 1N4007WS | S9: - | T9: - | U9: - | V9: MLSMD2-06-01/Chip Mounter- SM481 | W9: - | X9: - | Y9: - | Z9: - | AA9: جهت قطعه برعکس | AB9: - | AC9: 0 | AD9: 0 | AE9: 0 | AF9: 5 | AG9: 3 | AH9: 1 | AI9: 44000 | AJ9: دیود | AK9: - | AL9: - | AM9: - | AN9: - | AO9: - | AP9: - | AQ9: - | AR9: - | AS9: فرآیندی | AT9: - | AU9: - | AV9: - | AW9: - | AX9: 14000 | AY9: 12000 | AZ9: - | BA9: 14000 | BB9: 12000
A10: 1405/05/03 | B10: - | C10: 1221634 | D10: جعبه الکترونیکی تکمیل کاری شده SBM 206 F1K | E10: =VLOOKUP(C10,Table1[],3,0) -> SBM SOREN | F10: =VLOOKUP(C10,Table1[],4,0) -> SBM | G10: =VLOOKUP(C10,Table1[],5,0) -> SBM | H10: =VLOOKUP(C10,Table1[],6,0) -> Nodes | I10: ICT | J10: ICT_01 | K10: کار نمی کند | L10: 1 | M10: 0 | N10: =VLOOKUP(C10,Table1[],7,0) -> ELE | O10: تعمیر | P10: روش | Q10: 1110075 | R10: Capacitor 10N,50V,X7R,10% | S10: - | T10: - | U10: - | V10: - | W10: - | X10: - | Y10: - | Z10: - | AA10: قطعه شکسته | AB10: - | AC10: 0 | AD10: 0 | AE10: 0 | AF10: 5 | AG10: 3 | AH10: 1 | AI10: 44000 | AJ10: خازن | AK10: - | AL10: - | AM10: - | AN10: - | AO10: - | AP10: - | AQ10: - | AR10: - | AS10: فرآیندی | AT10: - | AU10: - | AV10: - | AW10: - | AX10: 14000 | AY10: 12000 | AZ10: - | BA10: 14000 | BB10: 12000
A11: 1405/05/03 | B11: - | C11: 1221634 | D11: جعبه الکترونیکی تکمیل کاری شده SBM 206 F1K | E11: =VLOOKUP(C11,Table1[],3,0) -> SBM SOREN | F11: =VLOOKUP(C11,Table1[],4,0) -> SBM | G11: =VLOOKUP(C11,Table1[],5,0) -> SBM | H11: =VLOOKUP(C11,Table1[],6,0) -> Nodes | I11: ICT | J11: ICT_01 | K11: کار نمی کند | L11: 1 | M11: 0 | N11: =VLOOKUP(C11,Table1[],7,0) -> ELE | O11: تعمیر | P11: مواد اولیه | Q11: 1110915 | R11: Diode BAS21LT1G | S11: - | T11: - | U11: - | V11: - | W11: - | X11: - | Y11: - | Z11: - | AA11: تعویض قطعه | AB11: - | AC11: 0 | AD11: 0 | AE11: 0 | AF11: 5 | AG11: 3 | AH11: 1 | AI11: 44000 | AJ11: دیود | AK11: - | AL11: - | AM11: - | AN11: - | AO11: - | AP11: - | AQ11: - | AR11: - | AS11: فرآیندی | AT11: - | AU11: - | AV11: - | AW11: - | AX11: 14000 | AY11: 12000 | AZ11: - | BA11: 14000 | BB11: 12000
A12: 1405/05/04 | B12: - | C12: 1221643 | D12: جعبه الکترونیکی تکمیل کاری شده NBCM_DENA_SBR | E12: =VLOOKUP(C12,Table1[],3,0) -> NBCM DENA | F12: =VLOOKUP(C12,Table1[],4,0) -> NBCM | G12: =VLOOKUP(C12,Table1[],5,0) -> NBCM | H12: =VLOOKUP(C12,Table1[],6,0) -> Nodes | I12: ICT | J12: ICT_01 | K12: کار نمی کند | L12: 1 | M12: 0 | N12: =VLOOKUP(C12,Table1[],7,0) -> ELE | O12: بازکاری | P12: تجهیرات و ماشین آلات | Q12: 1110409 | R12: IC OpAmp LM2904YDT | S12: - | T12: - | U12: - | V12: MLSMD-09-01/Chip Mounter- SM482+ | W12: - | X12: - | Y12: - | Z12: - | AA12: بالا بودن پایه | AB12: - | AC12: 0 | AD12: 0 | AE12: 0 | AF12: 5 | AG12: 2 | AH12: 1 | AI12: 44000 | AJ12: IC | AK12: - | AL12: - | AM12: - | AN12: - | AO12: - | AP12: - | AQ12: - | AR12: - | AS12: فرآیندی | AT12: - | AU12: - | AV12: - | AW12: - | AX12: 14000 | AY12: 12000 | AZ12: - | BA12: 14000 | BB12: 12000
A13: 1405/05/04 | B13: - | C13: 1221643 | D13: جعبه الکترونیکی تکمیل کاری شده NBCM_DENA_SBR | E13: =VLOOKUP(C13,Table1[],3,0) -> NBCM DENA | F13: =VLOOKUP(C13,Table1[],4,0) -> NBCM | G13: =VLOOKUP(C13,Table1[],5,0) -> NBCM | H13: =VLOOKUP(C13,Table1[],6,0) -> Nodes | I13: ICT | J13: ICT_01 | K13: کار نمی کند | L13: 1 | M13: 0 | N13: =VLOOKUP(C13,Table1[],7,0) -> ELE | O13: بازکاری | P13: اپراتور | Q13: 1110502 | R13: IC Microcontroller R7F7010323AFP | S13: - | T13: - | U13: - | V13: - | W13: - | X13: - | Y13: - | Z13: - | AA13: اتصالی | AB13: - | AC13: 0 | AD13: 0 | AE13: 0 | AF13: 5 | AG13: 2 | AH13: 1 | AI13: 44000 | AJ13: IC | AK13: - | AL13: - | AM13: - | AN13: - | AO13: - | AP13: وحید نیافری | AQ13: - | AR13: - | AS13: فرآیندی | AT13: - | AU13: - | AV13: - | AW13: - | AX13: 14000 | AY13: 12000 | AZ13: - | BA13: 14000 | BB13: 12000
... A85: 1405/05/27 | B85: - | C85: 1221653 | D85: جعبه الکترونیکی تکمیل کاری شده SBMi | E85: =VLOOKUP(C85,Table1[],3,0) -> #N/A | F85: =VLOOKUP(C85,Table1[],4,0) -> #N/A | G85: =VLOOKUP(C85,Table1[],5,0) -> #N/A | H85: =VLOOKUP(C85,Table1[],6,0) -> #N/A | I85: ICT | J85: ICT_01 | K85: کار نمی کند | L85: 1 | M85: 0 | N85: =VLOOKUP(C85,Table1[],7,0) -> #N/A | O85: بازکاری | P85: تجهیرات و ماشین آلات | Q85: 1110582 | R85: Resistor 470,5%,1/16W | S85: - | T85: - | U85: - | V85: MLSMD2-06-01/Chip Mounter- SM481 | W85: - | X85: - | Y85: - | Z85: - | AA85: بالا بودن پایه | AB85: - | AC85: 0 | AD85: 0 | AE85: 0 | AF85: 4 | AG85: 2 | AH85: 1 | AI85: 44000 | AJ85: مقاومت | AK85: - | AL85: - | AM85: - | AN85: - | AO85: - | AP85: - | AQ85: - | AR85: - | AS85: فرآیندی | AT85: - | AU85: - | AV85: - | AW85: - | AX85: 14000 | AY85: 12000 | AZ85: - | BA85: 14000 | BB85: 12000
A86: 1405/05/05 | B86: - | C86: 1221618 | D86: جعبه الکترونیکی تکمیل کاری شده 207 NBCM | E86: =VLOOKUP(C86,Table1[],3,0) -> #N/A | F86: =VLOOKUP(C86,Table1[],4,0) -> #N/A | G86: =VLOOKUP(C86,Table1[],5,0) -> #N/A | H86: =VLOOKUP(C86,Table1[],6,0) -> #N/A | I86: ICT | J86: - | K86: - | L86: - | M86: 41 | N86: - | O86: - | P86: - | Q86: - | R86: - | S86: - | T86: - | U86: - | V86: - | W86: - | X86: - | Y86: - | Z86: - | AA86: - | AB86: - | AC86: 0 | AD86: 0 | AE86: 0 | AF86: - | AG86: - | AH86: - | AI86: - | AJ86: - | AK86: - | AL86: - | AM86: - | AN86: - | AO86: - | AP86: - | AQ86: - | AR86: - | AS86: فرآیندی | AT86: - | AU86: - | AV86: - | AW86: - | AX86: 14000 | AY86: 12000 | AZ86: - | BA86: 14000 | BB86: 12000
A87: 1405/05/01 | B87: - | C87: 1221634 | D87: جعبه الکترونیکی تکمیل کاری شده SBM 206 F1K | E87: =VLOOKUP(C87,Table1[],3,0) -> SBM SOREN | F87: =VLOOKUP(C87,Table1[],4,0) -> SBM | G87: =VLOOKUP(C87,Table1[],5,0) -> SBM | H87: =VLOOKUP(C87,Table1[],6,0) -> Nodes | I87: ICT | J87: - | K87: - | L87: - | M87: 720 | N87: - | O87: - | P87: - | Q87: - | R87: - | S87: - | T87: - | U87: - | V87: - | W87: - | X87: - | Y87: - | Z87: - | AA87: - | AB87: - | AC87: 0 | AD87: 0 | AE87: 0 | AF87: - | AG87: - | AH87: - | AI87: - | AJ87: - | AK87: - | AL87: - | AM87: - | AN87: - | AO87: - | AP87: - | AQ87: - | AR87: - | AS87: فرآیندی | AT87: - | AU87: - | AV87: - | AW87: - | AX87: 14000 | AY87: 12000 | AZ87: - | BA87: 14000 | BB87: 12000
A88: 1405/05/03 | B88: - | C88: 1221634 | D88: جعبه الکترونیکی تکمیل کاری شده SBM 206 F1K | E88: =VLOOKUP(C88,Table1[],3,0) -> SBM SOREN | F88: =VLOOKUP(C88,Table1[],4,0) -> SBM | G88: =VLOOKUP(C88,Table1[],5,0) -> SBM | H88: =VLOOKUP(C88,Table1[],6,0) -> Nodes | I88: ICT | J88: - | K88: - | L88: - | M88: 718 | N88: - | O88: - | P88: - | Q88: - | R88: - | S88: - | T88: - | U88: - | V88: - | W88: - | X88: - | Y88: - | Z88: - | AA88: - | AB88: - | AC88: 0 | AD88: 0 | AE88: 0 | AF88: - | AG88: - | AH88: - | AI88: - | AJ88: - | AK88: - | AL88: - | AM88: - | AN88: - | AO88: - | AP88: - | AQ88: - | AR88: - | AS88: فرآیندی | AT88: - | AU88: - | AV88: - | AW88: - | AX88: 14000 | AY88: 12000 | AZ88: - | BA88: 14000 | BB88: 12000
A89: 1405/05/04 | B89: - | C89: 1221634 | D89: جعبه الکترونیکی تکمیل کاری شده SBM 206 F1K | E89: =VLOOKUP(C89,Table1[],3,0) -> SBM SOREN | F89: =VLOOKUP(C89,Table1[],4,0) -> SBM | G89: =VLOOKUP(C89,Table1[],5,0) -> SBM | H89: =VLOOKUP(C89,Table1[],6,0) -> Nodes | I89: ICT | J89: - | K89: - | L89: - | M89: 384 | N89: - | O89: - | P89: - | Q89: - | R89: - | S89: - | T89: - | U89: - | V89: - | W89: - | X89: - | Y89: - | Z89: - | AA89: - | AB89: - | AC89: 0 | AD89: 0 | AE89: 0 | AF89: - | AG89: - | AH89: - | AI89: - | AJ89: - | AK89: - | AL89: - | AM89: - | AN89: - | AO89: - | AP89: - | AQ89: - | AR89: - | AS89: فرآیندی | AT89: - | AU89: - | AV89: - | AW89: - | AX89: 14000 | AY89: 12000 | AZ89: - | BA89: 14000 | BB89: 12000
A90: 1405/05/05 | B90: - | C90: 1221634 | D90: جعبه الکترونیکی تکمیل کاری شده SBM 206 F1K | E90: =VLOOKUP(C90,Table1[],3,0) -> SBM SOREN | F90: =VLOOKUP(C90,Table1[],4,0) -> SBM | G90: =VLOOKUP(C90,Table1[],5,0) -> SBM | H90: =VLOOKUP(C90,Table1[],6,0) -> Nodes | I90: ICT | J90: - | K90: - | L90: - | M90: 336 | N90: - | O90: - | P90: - | Q90: - | R90: - | S90: - | T90: - | U90: - | V90: - | W90: - | X90: - | Y90: - | Z90: - | AA90: - | AB90: - | AC90: 0 | AD90: 0 | AE90: 0 | AF90: - | AG90: - | AH90: - | AI90: - | AJ90: - | AK90: - | AL90: - | AM90: - | AN90: - | AO90: - | AP90: - | AQ90: - | AR90: - | AS90: فرآیندی | AT90: - | AU90: - | AV90: - | AW90: - | AX90: 14000 | AY90: 12000 | AZ90: - | BA90: 14000 | BB90: 12000
A91: 1405/05/07 | B91: - | C91: 1221634 | D91: جعبه الکترونیکی تکمیل کاری شده SBM 206 F1K | E91: =VLOOKUP(C91,Table1[],3,0) -> SBM SOREN | F91: =VLOOKUP(C91,Table1[],4,0) -> SBM | G91: =VLOOKUP(C91,Table1[],5,0) -> SBM | H91: =VLOOKUP(C91,Table1[],6,0) -> Nodes | I91: ICT | J91: - | K91: - | L91: - | M91: 72 | N91: - | O91: - | P91: - | Q91: - | R91: - | S91: - | T91: - | U91: - | V91: - | W91: - | X91: - | Y91: - | Z91: - | AA91: - | AB91: - | AC91: 0 | AD91: 0 | AE91: 0 | AF91: - | AG91: - | AH91: - | AI91: - | AJ91: - | AK91: - | AL91: - | AM91: - | AN91: - | AO91: - | AP91: - | AQ91: - | AR91: - | AS91: فرآیندی | AT91: - | AU91: - | AV91: - | AW91: - | AX91: 14000 | AY91: 12000 | AZ91: - | BA91: 14000 | BB91: 12000
A92: 1405/05/08 | B92: - | C92: 1221634 | D92: جعبه الکترونیکی تکمیل کاری شده SBM 206 F1K | E92: =VLOOKUP(C92,Table1[],3,0) -> SBM SOREN | F92: =VLOOKUP(C92,Table1[],4,0) -> SBM | G92: =VLOOKUP(C92,Table1[],5,0) -> SBM | H92: =VLOOKUP(C92,Table1[],6,0) -> Nodes | I92: ICT | J92: - | K92: - | L92: - | M92: 120 | N92: - | O92: - | P92: - | Q92: - | R92: - | S92: - | T92: - | U92: - | V92: - | W92: - | X92: - | Y92: - | Z92: - | AA92: - | AB92: - | AC92: 0 | AD92: 0 | AE92: 0 | AF92: - | AG92: - | AH92: - | AI92: - | AJ92: - | AK92: - | AL92: - | AM92: - | AN92: - | AO92: - | AP92: - | AQ92: - | AR92: - | AS92: فرآیندی | AT92: - | AU92: - | AV92: - | AW92: - | AX92: 14000 | AY92: 12000 | AZ92: - | BA92: 14000 | BB92: 12000
A93: 1405/05/10 | B93: - | C93: 1221634 | D93: جعبه الکترونیکی تکمیل کاری شده SBM 206 F1K | E93: =VLOOKUP(C93,Table1[],3,0) -> SBM SOREN | F93: =VLOOKUP(C93,Table1[],4,0) -> SBM | G93: =VLOOKUP(C93,Table1[],5,0) -> SBM | H93: =VLOOKUP(C93,Table1[],6,0) -> Nodes | I93: ICT | J93: - | K93: - | L93: - | M93: 312 | N93: - | O93: - | P93: - | Q93: - | R93: - | S93: - | T93: - | U93: - | V93: - | W93: - | X93: - | Y93: - | Z93: - | AA93: - | AB93: - | AC93: 0 | AD93: 0 | AE93: 0 | AF93: - | AG93: - | AH93: - | AI93: - | AJ93: - | AK93: - | AL93: - | AM93: - | AN93: - | AO93: - | AP93: - | AQ93: - | AR93: - | AS93: فرآیندی | AT93: - | AU93: - | AV93: - | AW93: - | AX93: 14000 | AY93: 12000 | AZ93: - | BA93: 14000 | BB93: 12000
A94: 1405/05/11 | B94: - | C94: 1221634 | D94: جعبه الکترونیکی تکمیل کاری شده SBM 206 F1K | E94: =VLOOKUP(C94,Table1[],3,0) -> SBM SOREN | F94: =VLOOKUP(C94,Table1[],4,0) -> SBM | G94: =VLOOKUP(C94,Table1[],5,0) -> SBM | H94: =VLOOKUP(C94,Table1[],6,0) -> Nodes | I94: ICT | J94: - | K94: - | L94: - | M94: 336 | N94: - | O94: - | P94: - | Q94: - | R94: - | S94: - | T94: - | U94: - | V94: - | W94: - | X94: - | Y94: - | Z94: - | AA94: - | AB94: - | AC94: 0 | AD94: 0 | AE94: 0 | AF94: - | AG94: - | AH94: - | AI94: - | AJ94: - | AK94: - | AL94: - | AM94: - | AN94: - | AO94: - | AP94: - | AQ94: - | AR94: - | AS94: فرآیندی | AT94: - | AU94: - | AV94: - | AW94: - | AX94: 14000 | AY94: 12000 | AZ94: - | BA94: 14000 | BB94: 12000
A95: 1405/05/12 | B95: - | C95: 1221634 | D95: جعبه الکترونیکی تکمیل کاری شده SBM 206 F1K | E95: =VLOOKUP(C95,Table1[],3,0) -> SBM SOREN | F95: =VLOOKUP(C95,Table1[],4,0) -> SBM | G95: =VLOOKUP(C95,Table1[],5,0) -> SBM | H95: =VLOOKUP(C95,Table1[],6,0) -> Nodes | I95: ICT | J95: - | K95: - | L95: - | M95: 480 | N95: - | O95: - | P95: - | Q95: - | R95: - | S95: - | T95: - | U95: - | V95: - | W95: - | X95: - | Y95: - | Z95: - | AA95: - | AB95: - | AC95: 0 | AD95: 0 | AE95: 0 | AF95: - | AG95: - | AH95: - | AI95: - | AJ95: - | AK95: - | AL95: - | AM95: - | AN95: - | AO95: - | AP95: - | AQ95: - | AR95: - | AS95: فرآیندی | AT95: - | AU95: - | AV95: - | AW95: - | AX95: 14000 | AY95: 12000 | AZ95: - | BA95: 14000 | BB95: 12000
A96: 1405/05/24 | B96: - | C96: 1221634 | D96: جعبه الکترونیکی تکمیل کاری شده SBM 206 F1K | E96: =VLOOKUP(C96,Table1[],3,0) -> SBM SOREN | F96: =VLOOKUP(C96,Table1[],4,0) -> SBM | G96: =VLOOKUP(C96,Table1[],5,0) -> SBM | H96: =VLOOKUP(C96,Table1[],6,0) -> Nodes | I96: ICT | J96: - | K96: - | L96: - | M96: 600 | N96: - | O96: - | P96: - | Q96: - | R96: - | S96: - | T96: - | U96: - | V96: - | W96: - | X96: - | Y96: - | Z96: - | AA96: - | AB96: - | AC96: 0 | AD96: 0 | AE96: 0 | AF96: - | AG96: - | AH96: - | AI96: - | AJ96: - | AK96: - | AL96: - | AM96: - | AN96: - | AO96: - | AP96: - | AQ96: - | AR96: - | AS96: فرآیندی | AT96: - | AU96: - | AV96: - | AW96: - | AX96: 14000 | AY96: 12000 | AZ96: - | BA96: 14000 | BB96: 12000
A97: 1405/05/25 | B97: - | C97: 1221634 | D97: جعبه الکترونیکی تکمیل کاری شده SBM 206 F1K | E97: =VLOOKUP(C97,Table1[],3,0) -> SBM SOREN | F97: =VLOOKUP(C97,Table1[],4,0) -> SBM | G97: =VLOOKUP(C97,Table1[],5,0) -> SBM | H97: =VLOOKUP(C97,Table1[],6,0) -> Nodes | I97: ICT | J97: - | K97: - | L97: - | M97: 240 | N97: - | O97: - | P97: - | Q97: - | R97: - | S97: - | T97: - | U97: - | V97: - | W97: - | X97: - | Y97: - | Z97: - | AA97: - | AB97: - | AC97: 0 | AD97: 0 | AE97: 0 | AF97: - | AG97: - | AH97: - | AI97: - | AJ97: - | AK97: - | AL97: - | AM97: - | AN97: - | AO97: - | AP97: - | AQ97: - | AR97: - | AS97: فرآیندی | AT97: - | AU97: - | AV97: - | AW97: - | AX97: 14000 | AY97: 12000 | AZ97: - | BA97: 14000 | BB97: 12000
... A149: 1405/05/05 | B149: - | C149: 1221700 | D149: براکت تکمیل کاری شده Bracket BCM PLUS | E149: =VLOOKUP(C149,Table1[],3,0) -> #N/A | F149: =VLOOKUP(C149,Table1[],4,0) -> #N/A | G149: =VLOOKUP(C149,Table1[],5,0) -> #N/A | H149: =VLOOKUP(C149,Table1[],6,0) -> #N/A | I149: ICT | J149: - | K149: - | L149: - | M149: 41 | N149: - | O149: - | P149: - | Q149: - | R149: - | S149: - | T149: - | U149: - | V149: - | W149: - | X149: - | Y149: - | Z149: - | AA149: - | AB149: - | AC149: 0 | AD149: 0 | AE149: 0 | AF149: - | AG149: - | AH149: - | AI149: - | AJ149: - | AK149: - | AL149: - | AM149: - | AN149: - | AO149: - | AP149: - | AQ149: - | AR149: - | AS149: فرآیندی | AT149: - | AU149: - | AV149: - | AW149: - | AX149: 14000 | AY149: 12000 | AZ149: - | BA149: 14000 | BB149: 12000

Sheet QC ELE
A1: تاریخ | B1: شیفت کاری | C1: کد گروه محصول | D1: کد محصول | E1: نام محصول | F1: خانواده محصول | G1: نام محصول ترکیبی | H1: گروه محصول نهایی | I1: ایستگاه | J1: کد ایراد | K1: شرح ایراد | L1: تعداد ایراد | M1: تعداد کل | N1: برنچ | O1: شرح فعالیت انجام شده توسط تعمیرات | P1: عامل مسبب ایراد 6M | Q1: کد قطعه | R1: نام قطعه | S1: نام تامین کننده | T1: کد و نام تجهیزات و ابزارآلات | U1: کد تجهیزات و ابزارآلات | V1: کد و نام تجهیزات و ابزارآلات1 | W1: کد فرآیند (OPC) | X1: نام فرآیند (OPC) | Y1: حالت خرابی بالقوه | Z1: نوع حالت خرابی بالقوه | AA1: توضیحات تعمیرات | AB1: ستون مشترک حالت خرابی | AC1: شدت حالت خرابی | AD1: تشخیص حالت خرابی | AE1: وقوع قدیمی | AF1: مدت زمان عیب یابی ( دقیقه ) | AG1: مدت زمان رفع عیب ( دقیقه ) | AH1: مدت زمان تست مجدد ( دقیقه ) | AI1: هزینه ریالی تعمیرات | AJ1: خانواده قطعات | AK1: شماره BOM | AL1: شماره برگ ارسال | AM1: کد اپراتور | AN1: نام اپراتور | AO1: کد بازرس چشمی | AP1: نام بازرس | AQ1: AOI | AR1: نام بازرس AOI | AS1: نوع قطعات تولیدی و تامینی | AT1: وضعیت اعلام ایرادات | AU1: توضیحات اضافه | AV1: توضیحات | AW1: Control Station | AX1: حد قابل قبول | AY1: هدف | AZ1: علت افت یا بهبود PPM | BA1: حد قابل قبول عظام | BB1: هدف عظام
A2: 1405/05/03 | B2: - | C2: 1230505 | D2: نمایشگر دیجیتال کنترل نهایی شده RUNNA RL78 | E2: =VLOOKUP(C2,Table1[],3,0) -> MFD RUNNA | F2: =VLOOKUP(C2,Table1[],4,0) -> MFD | G2: =VLOOKUP(C2,Table1[],5,0) -> MFD | H2: =VLOOKUP(C2,Table1[],6,0) -> Display Unit | I2: کنترل نهایی | J2: - | K2: - | L2: 0 | M2: 144 | N2: =VLOOKUP(C2,Table1[],7,0) -> ELE | O2: - | P2: - | Q2: - | R2: - | S2: - | T2: - | U2: - | V2: - | W2: - | X2: - | Y2: - | Z2: - | AA2: - | AB2: - | AC2: 0 | AD2: 0 | AE2: 0 | AF2: 0 | AG2: 0 | AH2: 0 | AI2: 44000 | AJ2: - | AK2: - | AL2: - | AM2: - | AN2: - | AO2: - | AP2: - | AQ2: - | AR2: - | AS2: فرآیندی | AT2: - | AU2: - | AV2: - | AW2: - | AX2: 14000 | AY2: 12000 | AZ2: - | BA2: 14000 | BB2: 12000
A3: 1405/05/11 | B3: - | C3: 1230505 | D3: نمایشگر دیجیتال کنترل نهایی شده RUNNA RL78 | E3: =VLOOKUP(C3,Table1[],3,0) -> MFD RUNNA | F3: =VLOOKUP(C3,Table1[],4,0) -> MFD | G3: =VLOOKUP(C3,Table1[],5,0) -> MFD | H3: =VLOOKUP(C3,Table1[],6,0) -> Display Unit | I3: کنترل نهایی | J3: - | K3: - | L3: 0 | M3: 144 | N3: =VLOOKUP(C3,Table1[],7,0) -> ELE | O3: - | P3: - | Q3: - | R3: - | S3: - | T3: - | U3: - | V3: - | W3: - | X3: - | Y3: - | Z3: - | AA3: - | AB3: - | AC3: 0 | AD3: 0 | AE3: 0 | AF3: 0 | AG3: 0 | AH3: 0 | AI3: 44000 | AJ3: - | AK3: - | AL3: - | AM3: - | AN3: - | AO3: - | AP3: - | AQ3: - | AR3: - | AS3: فرآیندی | AT3: - | AU3: - | AV3: - | AW3: - | AX3: 14000 | AY3: 12000 | AZ3: - | BA3: 14000 | BB3: 12000
A4: 1405/05/12 | B4: - | C4: 1230505 | D4: نمایشگر دیجیتال کنترل نهایی شده RUNNA RL78 | E4: =VLOOKUP(C4,Table1[],3,0) -> MFD RUNNA | F4: =VLOOKUP(C4,Table1[],4,0) -> MFD | G4: =VLOOKUP(C4,Table1[],5,0) -> MFD | H4: =VLOOKUP(C4,Table1[],6,0) -> Display Unit | I4: کنترل نهایی | J4: - | K4: - | L4: 0 | M4: 72 | N4: =VLOOKUP(C4,Table1[],7,0) -> ELE | O4: - | P4: - | Q4: - | R4: - | S4: - | T4: - | U4: - | V4: - | W4: - | X4: - | Y4: - | Z4: - | AA4: - | AB4: - | AC4: 0 | AD4: 0 | AE4: 0 | AF4: 0 | AG4: 0 | AH4: 0 | AI4: 44000 | AJ4: - | AK4: - | AL4: - | AM4: - | AN4: - | AO4: - | AP4: - | AQ4: - | AR4: - | AS4: فرآیندی | AT4: - | AU4: - | AV4: - | AW4: - | AX4: 14000 | AY4: 12000 | AZ4: - | BA4: 14000 | BB4: 12000
A5: 1405/05/05 | B5: - | C5: 1230927 | D5: جلوآمپر کنترل نهایی شده ICN DENA SBR | E5: =VLOOKUP(C5,Table1[],3,0) -> ICN1 DENA | F5: =VLOOKUP(C5,Table1[],4,0) -> ICN1 DENA | G5: =VLOOKUP(C5,Table1[],5,0) -> ICN1 DENA | H5: =VLOOKUP(C5,Table1[],6,0) -> Cluster Instrument | I5: کنترل نهایی | J5: - | K5: - | L5: 0 | M5: 414 | N5: =VLOOKUP(C5,Table1[],7,0) -> ELE | O5: - | P5: - | Q5: - | R5: - | S5: - | T5: - | U5: - | V5: - | W5: - | X5: - | Y5: - | Z5: - | AA5: - | AB5: - | AC5: 0 | AD5: 0 | AE5: 0 | AF5: 0 | AG5: 0 | AH5: 0 | AI5: 44000 | AJ5: - | AK5: - | AL5: - | AM5: - | AN5: - | AO5: - | AP5: - | AQ5: - | AR5: - | AS5: فرآیندی | AT5: - | AU5: - | AV5: - | AW5: - | AX5: 14000 | AY5: 12000 | AZ5: - | BA5: 14000 | BB5: 12000
A6: 1405/05/06 | B6: - | C6: 1230927 | D6: جلوآمپر کنترل نهایی شده ICN DENA SBR | E6: =VLOOKUP(C6,Table1[],3,0) -> ICN1 DENA | F6: =VLOOKUP(C6,Table1[],4,0) -> ICN1 DENA | G6: =VLOOKUP(C6,Table1[],5,0) -> ICN1 DENA | H6: =VLOOKUP(C6,Table1[],6,0) -> Cluster Instrument | I6: کنترل نهایی | J6: - | K6: - | L6: 0 | M6: 444 | N6: =VLOOKUP(C6,Table1[],7,0) -> ELE | O6: - | P6: - | Q6: - | R6: - | S6: - | T6: - | U6: - | V6: - | W6: - | X6: - | Y6: - | Z6: - | AA6: - | AB6: - | AC6: 0 | AD6: 0 | AE6: 0 | AF6: 0 | AG6: 0 | AH6: 0 | AI6: 44000 | AJ6: - | AK6: - | AL6: - | AM6: - | AN6: - | AO6: - | AP6: - | AQ6: - | AR6: - | AS6: فرآیندی | AT6: - | AU6: - | AV6: - | AW6: - | AX6: 14000 | AY6: 12000 | AZ6: - | BA6: 14000 | BB6: 12000
A7: 1405/05/07 | B7: - | C7: 1230927 | D7: جلوآمپر کنترل نهایی شده ICN DENA SBR | E7: =VLOOKUP(C7,Table1[],3,0) -> ICN1 DENA | F7: =VLOOKUP(C7,Table1[],4,0) -> ICN1 DENA | G7: =VLOOKUP(C7,Table1[],5,0) -> ICN1 DENA | H7: =VLOOKUP(C7,Table1[],6,0) -> Cluster Instrument | I7: کنترل نهایی | J7: - | K7: - | L7: 0 | M7: 90 | N7: =VLOOKUP(C7,Table1[],7,0) -> ELE | O7: - | P7: - | Q7: - | R7: - | S7: - | T7: - | U7: - | V7: - | W7: - | X7: - | Y7: - | Z7: - | AA7: - | AB7: - | AC7: 0 | AD7: 0 | AE7: 0 | AF7: 0 | AG7: 0 | AH7: 0 | AI7: 44000 | AJ7: - | AK7: - | AL7: - | AM7: - | AN7: - | AO7: - | AP7: - | AQ7: - | AR7: - | AS7: فرآیندی | AT7: - | AU7: - | AV7: - | AW7: - | AX7: 14000 | AY7: 12000 | AZ7: - | BA7: 14000 | BB7: 12000
A8: 1405/05/08 | B8: - | C8: 1230927 | D8: جلوآمپر کنترل نهایی شده ICN DENA SBR | E8: =VLOOKUP(C8,Table1[],3,0) -> ICN1 DENA | F8: =VLOOKUP(C8,Table1[],4,0) -> ICN1 DENA | G8: =VLOOKUP(C8,Table1[],5,0) -> ICN1 DENA | H8: =VLOOKUP(C8,Table1[],6,0) -> Cluster Instrument | I8: کنترل نهایی | J8: - | K8: - | L8: 0 | M8: 270 | N8: =VLOOKUP(C8,Table1[],7,0) -> ELE | O8: - | P8: - | Q8: - | R8: - | S8: - | T8: - | U8: - | V8: - | W8: - | X8: - | Y8: - | Z8: - | AA8: - | AB8: - | AC8: 0 | AD8: 0 | AE8: 0 | AF8: 0 | AG8: 0 | AH8: 0 | AI8: 44000 | AJ8: - | AK8: - | AL8: - | AM8: - | AN8: - | AO8: - | AP8: - | AQ8: - | AR8: - | AS8: فرآیندی | AT8: - | AU8: - | AV8: - | AW8: - | AX8: 14000 | AY8: 12000 | AZ8: - | BA8: 14000 | BB8: 12000
A9: 1405/05/10 | B9: - | C9: 1230927 | D9: جلوآمپر کنترل نهایی شده ICN DENA SBR | E9: =VLOOKUP(C9,Table1[],3,0) -> ICN1 DENA | F9: =VLOOKUP(C9,Table1[],4,0) -> ICN1 DENA | G9: =VLOOKUP(C9,Table1[],5,0) -> ICN1 DENA | H9: =VLOOKUP(C9,Table1[],6,0) -> Cluster Instrument | I9: کنترل نهایی | J9: - | K9: - | L9: 0 | M9: 360 | N9: =VLOOKUP(C9,Table1[],7,0) -> ELE | O9: - | P9: - | Q9: - | R9: - | S9: - | T9: - | U9: - | V9: - | W9: - | X9: - | Y9: - | Z9: - | AA9: - | AB9: - | AC9: 0 | AD9: 0 | AE9: 0 | AF9: 0 | AG9: 0 | AH9: 0 | AI9: 44000 | AJ9: - | AK9: - | AL9: - | AM9: - | AN9: - | AO9: - | AP9: - | AQ9: - | AR9: - | AS9: فرآیندی | AT9: - | AU9: - | AV9: - | AW9: - | AX9: 14000 | AY9: 12000 | AZ9: - | BA9: 14000 | BB9: 12000
A10: 1405/05/28 | B10: - | C10: 1230927 | D10: جلوآمپر کنترل نهایی شده ICN DENA SBR | E10: =VLOOKUP(C10,Table1[],3,0) -> ICN1 DENA | F10: =VLOOKUP(C10,Table1[],4,0) -> ICN1 DENA | G10: =VLOOKUP(C10,Table1[],5,0) -> ICN1 DENA | H10: =VLOOKUP(C10,Table1[],6,0) -> Cluster Instrument | I10: کنترل نهایی | J10: - | K10: - | L10: 0 | M10: 264 | N10: =VLOOKUP(C10,Table1[],7,0) -> ELE | O10: - | P10: - | Q10: - | R10: - | S10: - | T10: - | U10: - | V10: - | W10: - | X10: - | Y10: - | Z10: - | AA10: - | AB10: - | AC10: 0 | AD10: 0 | AE10: 0 | AF10: 0 | AG10: 0 | AH10: 0 | AI10: 44000 | AJ10: - | AK10: - | AL10: - | AM10: - | AN10: - | AO10: - | AP10: - | AQ10: - | AR10: - | AS10: فرآیندی | AT10: - | AU10: - | AV10: - | AW10: - | AX10: 14000 | AY10: 12000 | AZ10: - | BA10: 14000 | BB10: 12000
A11: 1405/05/29 | B11: - | C11: 1230927 | D11: جلوآمپر کنترل نهایی شده ICN DENA SBR | E11: =VLOOKUP(C11,Table1[],3,0) -> ICN1 DENA | F11: =VLOOKUP(C11,Table1[],4,0) -> ICN1 DENA | G11: =VLOOKUP(C11,Table1[],5,0) -> ICN1 DENA | H11: =VLOOKUP(C11,Table1[],6,0) -> Cluster Instrument | I11: کنترل نهایی | J11: - | K11: - | L11: 0 | M11: 252 | N11: =VLOOKUP(C11,Table1[],7,0) -> ELE | O11: - | P11: - | Q11: - | R11: - | S11: - | T11: - | U11: - | V11: - | W11: - | X11: - | Y11: - | Z11: - | AA11: - | AB11: - | AC11: 0 | AD11: 0 | AE11: 0 | AF11: 0 | AG11: 0 | AH11: 0 | AI11: 44000 | AJ11: - | AK11: - | AL11: - | AM11: - | AN11: - | AO11: - | AP11: - | AQ11: - | AR11: - | AS11: فرآیندی | AT11: - | AU11: - | AV11: - | AW11: - | AX11: 14000 | AY11: 12000 | AZ11: - | BA11: 14000 | BB11: 12000
A12: 1405/05/31 | B12: - | C12: 1230927 | D12: جلوآمپر کنترل نهایی شده ICN DENA SBR | E12: =VLOOKUP(C12,Table1[],3,0) -> ICN1 DENA | F12: =VLOOKUP(C12,Table1[],4,0) -> ICN1 DENA | G12: =VLOOKUP(C12,Table1[],5,0) -> ICN1 DENA | H12: =VLOOKUP(C12,Table1[],6,0) -> Cluster Instrument | I12: کنترل نهایی | J12: - | K12: - | L12: 0 | M12: 402 | N12: =VLOOKUP(C12,Table1[],7,0) -> ELE | O12: - | P12: - | Q12: - | R12: - | S12: - | T12: - | U12: - | V12: - | W12: - | X12: - | Y12: - | Z12: - | AA12: - | AB12: - | AC12: 0 | AD12: 0 | AE12: 0 | AF12: 0 | AG12: 0 | AH12: 0 | AI12: 44000 | AJ12: - | AK12: - | AL12: - | AM12: - | AN12: - | AO12: - | AP12: - | AQ12: - | AR12: - | AS12: فرآیندی | AT12: - | AU12: - | AV12: - | AW12: - | AX12: 14000 | AY12: 12000 | AZ12: - | BA12: 14000 | BB12: 12000
A13: 1405/05/01 | B13: - | C13: 1230930 | D13: جلوآمپر کنترل نهایی شده TARA دستی SBR | E13: =VLOOKUP(C13,Table1[],3,0) -> ICN1 TARA | F13: =VLOOKUP(C13,Table1[],4,0) -> ICN1 TARA | G13: =VLOOKUP(C13,Table1[],5,0) -> ICN1 TARA | H13: =VLOOKUP(C13,Table1[],6,0) -> Cluster Instrument | I13: کنترل نهایی | J13: - | K13: - | L13: 0 | M13: 152 | N13: =VLOOKUP(C13,Table1[],7,0) -> ELE | O13: - | P13: - | Q13: - | R13: - | S13: - | T13: - | U13: - | V13: - | W13: - | X13: - | Y13: - | Z13: - | AA13: - | AB13: - | AC13: 0 | AD13: 0 | AE13: 0 | AF13: 0 | AG13: 0 | AH13: 0 | AI13: 44000 | AJ13: - | AK13: - | AL13: - | AM13: - | AN13: - | AO13: - | AP13: - | AQ13: - | AR13: - | AS13: فرآیندی | AT13: - | AU13: - | AV13: - | AW13: - | AX13: 14000 | AY13: 12000 | AZ13: - | BA13: 14000 | BB13: 12000
... A796: 1405/05/31 | B796: - | C796: 1231999 | D796: جلوآمپر کنترل نهایی شده X100 ST | E796: =VLOOKUP(C796,Table1[],3,0) -> ICN2 X100 | F796: =VLOOKUP(C796,Table1[],4,0) -> ICN2 X100 | G796: =VLOOKUP(C796,Table1[],5,0) -> ICN2 X100 | H796: =VLOOKUP(C796,Table1[],6,0) -> Cluster Instrument | I796: کنترل نهایی | J796: IP-53 | K796: LCD لک دارد | L796: 1 | M796: 0 | N796: =VLOOKUP(C796,Table1[],7,0) -> ELE | O796: تعمیر | P796: مواد اولیه | Q796: 1130212 | R796: LCD_ X100_White | S796: - | T796: - | U796: - | V796: - | W796: - | X796: - | Y796: - | Z796: - | AA796: تعویض قطعه | AB796: - | AC796: 0 | AD796: 0 | AE796: 0 | AF796: 5 | AG796: 5 | AH796: 3 | AI796: 44000 | AJ796: LCD | AK796: - | AL796: - | AM796: - | AN796: - | AO796: - | AP796: - | AQ796: - | AR796: - | AS796: فرآیندی | AT796: - | AU796: - | AV796: - | AW796: - | AX796: 14000 | AY796: 12000 | AZ796: - | BA796: 14000 | BB796: 12000

Sheet SMD REPORT
A1: تاریخ | B1: ماه | C1: شیفت کاری | D1: کد گروه محصول | E1: کد محصول | F1: نام محصول | G1: خانواده محصول | H1: نام محصول ترکیبی | I1: گروه محصول نهایی | J1: ایستگاه | K1: کد ایراد | L1: شرح ایراد | M1: تعداد ایراد | N1: تعداد کل | O1: برنچ | P1: شرح فعالیت انجام شده توسط تعمیرات | Q1: عامل مسبب ایراد 6M | R1: کد قطعه | S1: نام قطعه | T1: جانمایی قطعه معیوب در فرآیند SMD | U1: نام تامین کننده | V1: کد و نام تجهیزات و ابزارآلات | W1: کد تجهیزات و ابزارآلات | X1: کد و نام تجهیزات و ابزارآلات1 | Y1: کد فرآیند (OPC) | Z1: نام فرآیند (OPC) | AA1: حالت خرابی بالقوه | AB1: نوع حالت خرابی بالقوه | AC1: توضیحات تعمیرات | AD1: ستون مشترک حالت خرابی | AE1: شدت حالت خرابی | AF1: تشخیص حالت خرابی | AG1: وقوع قدیمی | AH1: مدت زمان عیب یابی ( دقیقه ) | AI1: مدت زمان رفع عیب ( دقیقه ) | AJ1: مدت زمان تست مجدد ( دقیقه ) | AK1: هزینه ریالی تعمیرات | AL1: خانواده قطعات | AM1: شماره BOM | AN1: شماره برگ ارسال | AO1: کد اپراتور | AP1: نام اپراتور | AQ1: کد بازرس چشمی | AR1: نام بازرس | AS1: AOI | AT1: نام بازرس AOI | AU1: نوع قطعات تولیدی و تامینی | AV1: وضعیت اعلام ایرادات | AW1: توضیحات اضافه | AX1: توضیحات | AY1: Control Station | AZ1: حد قابل قبول | BA1: هدف | BB1: علت افت یا بهبود PPM | BC1: کد اپراتور چشمی SMD | BD1: نام اپراتور چشمی SMD | BE1: کد اپراتور Paste SMD | BF1: نام اپراتور Paste SMD | BG1: ماشین مونتاژ SMD | BH1: ماشین Paste SMD | BI1: ماشین Oven SMD | BJ1: Control Station | BK1: نام اپراتور بازرس SMD | BL1: کد کنترلر بازرس SMD | BM1: شماره BOM SMD | BN1: توضیحات | BO1: حد قابل قبول عظام | BP1: هدف عظام
A2: 1405/05/01 | B2: - | C2: - | D2: 1202122 | E2: کلید شیشه بالابر شاگرد مونتاژ و کنترل ماشینی شده PASSENGER SBCM | F2: =VLOOKUP(D2,Table1[],3,0) -> SOREN-FR-RH SOREN | G2: =VLOOKUP(D2,Table1[],4,0) -> Switch | H2: =VLOOKUP(D2,Table1[],5,0) -> Switch | I2: =VLOOKUP(D2,Table1[],6,0) -> Switch | J2: - | K2: SS-09 | L2: کمبود قلع | M2: 1 | N2: 0 | O2: ELE | P2: بازکاری | Q2: تجهیرات و ماشین آلات | R2: 1110865 | S2: LED;IWS-L3022-PW-D1 | T2: LED3 | U2: - | V2: - | W2: - | X2: MLSMD3-02-01/Screen printer- ERSA | Y2: - | Z2: - | AA2: - | AB2: - | AC2: کمبود قلع | AD2: - | AE2: 0 | AF2: 0 | AG2: 0 | AH2: 0 | AI2: 1 | AJ2: 2 | AK2: 44000 | AL2: LED | AM2: 0 | AN2: 0 | AO2: - | AP2: - | AQ2: - | AR2: - | AS2: - | AT2: - | AU2: فرآیندی | AV2: کنترل ماشینی | AW2: - | AX2: - | AY2: کنترل ماشینی | AZ2: 14000 | BA2: 12000 | BB2: - | BC2: - | BD2: - | BE2: - | BF2: - | BG2: - | BH2: ماشین میرایی | BI2: - | BJ2: - | BK2: - | BL2: - | BM2: 0 | BN2: - | BO2: 14000 | BP2: 12000
A3: 1405/05/03 | B3: - | C3: - | D3: 1200932 | E3: جلوآمپر مونتاژ شده ICN SOREN یکسان سازی | F3: =VLOOKUP(D3,Table1[],3,0) -> ICN1 SOREN | G3: =VLOOKUP(D3,Table1[],4,0) -> ICN1 SOREN | H3: =VLOOKUP(D3,Table1[],5,0) -> ICN1 SOREN | I3: =VLOOKUP(D3,Table1[],6,0) -> Cluster Instrument | J3: - | K3: SI-01 | L3: نبود قطعه | M3: 1 | N3: 0 | O3: ELE | P3: تعمیر | Q3: تجهیرات و ماشین آلات | R3: 1110600 | S3: Transistor BC817-40 | T3: Q2 | U3: - | V3: - | W3: - | X3: MLSMD3-04-01/Chip Mounter- MIRAE07 | Y3: - | Z3: - | AA3: - | AB3: - | AC3: نبود قطعه | AD3: - | AE3: 0 | AF3: 0 | AG3: 0 | AH3: 0 | AI3: 3 | AJ3: 2 | AK3: 44000 | AL3: ترانزیستور | AM3: 0 | AN3: 0 | AO3: - | AP3: - | AQ3: - | AR3: - | AS3: - | AT3: - | AU3: فرآیندی | AV3: کنترل ماشینی | AW3: - | AX3: - | AY3: کنترل ماشینی | AZ3: 14000 | BA3: 12000 | BB3: - | BC3: - | BD3: - | BE3: - | BF3: - | BG3: - | BH3: ماشین میرایی | BI3: - | BJ3: - | BK3: - | BL3: - | BM3: 0 | BN3: - | BO3: 14000 | BP3: 12000
A4: 1405/05/03 | B4: - | C4: - | D4: 1200932 | E4: جلوآمپر مونتاژ شده ICN SOREN یکسان سازی | F4: =VLOOKUP(D4,Table1[],3,0) -> ICN1 SOREN | G4: =VLOOKUP(D4,Table1[],4,0) -> ICN1 SOREN | H4: =VLOOKUP(D4,Table1[],5,0) -> ICN1 SOREN | I4: =VLOOKUP(D4,Table1[],6,0) -> Cluster Instrument | J4: - | K4: SI-05 | L4: شیفت قطعه | M4: 2 | N4: 0 | O4: ELE | P4: بازکاری | Q4: تجهیرات و ماشین آلات | R4: 1110856 | S4: LED Red-RQS 170TS-DPE | T4: LED18 | U4: - | V4: - | W4: - | X4: MLSMD3-04-01/Chip Mounter- MIRAE07 | Y4: - | Z4: - | AA4: - | AB4: - | AC4: شیفت قطعه | AD4: - | AE4: 0 | AF4: 0 | AG4: 0 | AH4: 0 | AI4: 1 | AJ4: 2 | AK4: 44000 | AL4: LED | AM4: 0 | AN4: 0 | AO4: - | AP4: - | AQ4: - | AR4: - | AS4: - | AT4: - | AU4: فرآیندی | AV4: کنترل ماشینی | AW4: - | AX4: - | AY4: کنترل ماشینی | AZ4: 14000 | BA4: 12000 | BB4: - | BC4: - | BD4: - | BE4: - | BF4: - | BG4: - | BH4: ماشین میرایی | BI4: - | BJ4: - | BK4: - | BL4: - | BM4: 0 | BN4: - | BO4: 14000 | BP4: 12000
A5: 1405/05/03 | B5: - | C5: - | D5: 1200932 | E5: جلوآمپر مونتاژ شده ICN SOREN یکسان سازی | F5: =VLOOKUP(D5,Table1[],3,0) -> ICN1 SOREN | G5: =VLOOKUP(D5,Table1[],4,0) -> ICN1 SOREN | H5: =VLOOKUP(D5,Table1[],5,0) -> ICN1 SOREN | I5: =VLOOKUP(D5,Table1[],6,0) -> Cluster Instrument | J5: - | K5: SI-09 | L5: قطعه برعکس | M5: 1 | N5: 0 | O5: ELE | P5: بازکاری | Q5: تجهیرات و ماشین آلات | R5: 1110913 | S5: Diode BAV99LT1 | T5: Q5 | U5: - | V5: - | W5: - | X5: MLSMD3-04-01/Chip Mounter- MIRAE07 | Y5: - | Z5: - | AA5: - | AB5: - | AC5: برعکس | AD5: - | AE5: 0 | AF5: 0 | AG5: 0 | AH5: 0 | AI5: 2 | AJ5: 2 | AK5: 44000 | AL5: دیود | AM5: 0 | AN5: 0 | AO5: - | AP5: - | AQ5: - | AR5: - | AS5: - | AT5: - | AU5: فرآیندی | AV5: کنترل ماشینی | AW5: - | AX5: - | AY5: کنترل ماشینی | AZ5: 14000 | BA5: 12000 | BB5: - | BC5: - | BD5: - | BE5: - | BF5: - | BG5: - | BH5: ماشین میرایی | BI5: - | BJ5: - | BK5: - | BL5: - | BM5: 0 | BN5: - | BO5: 14000 | BP5: 12000
A6: 1405/05/03 | B6: - | C6: - | D6: 1200932 | E6: جلوآمپر مونتاژ شده ICN SOREN یکسان سازی | F6: =VLOOKUP(D6,Table1[],3,0) -> ICN1 SOREN | G6: =VLOOKUP(D6,Table1[],4,0) -> ICN1 SOREN | H6: =VLOOKUP(D6,Table1[],5,0) -> ICN1 SOREN | I6: =VLOOKUP(D6,Table1[],6,0) -> Cluster Instrument | J6: - | K6: SI-05 | L6: شیفت قطعه | M6: 1 | N6: 0 | O6: ELE | P6: بازکاری | Q6: تجهیرات و ماشین آلات | R6: 1110098 | S6: Capacitor 330uF,35V,20%,105C,D<8,L<20 | T6: CP2 | U6: - | V6: - | W6: - | X6: MLSMD3-04-01/Chip Mounter- MIRAE07 | Y6: - | Z6: - | AA6: - | AB6: - | AC6: شیفت قطعه | AD6: - | AE6: 0 | AF6: 0 | AG6: 0 | AH6: 0 | AI6: 1 | AJ6: 2 | AK6: 44000 | AL6: خازن | AM6: 0 | AN6: 0 | AO6: - | AP6: - | AQ6: - | AR6: - | AS6: - | AT6: - | AU6: فرآیندی | AV6: کنترل ماشینی | AW6: - | AX6: - | AY6: کنترل ماشینی | AZ6: 14000 | BA6: 12000 | BB6: - | BC6: - | BD6: - | BE6: - | BF6: - | BG6: - | BH6: ماشین میرایی | BI6: - | BJ6: - | BK6: - | BL6: - | BM6: 0 | BN6: - | BO6: 14000 | BP6: 12000
A7: 1405/05/03 | B7: - | C7: - | D7: 1201643 | E7: جعبه الکترونیکی مونتاژ ماشینی شده NBCM_DENA_SBR | F7: =VLOOKUP(D7,Table1[],3,0) -> NBCM DENA | G7: =VLOOKUP(D7,Table1[],4,0) -> NBCM | H7: =VLOOKUP(D7,Table1[],5,0) -> NBCM | I7: =VLOOKUP(D7,Table1[],6,0) -> Nodes | J7: - | K7: SS-08 | L7: اتصالی پد | M7: 2 | N7: 0 | O7: ELE | P7: بازکاری | Q7: تجهیرات و ماشین آلات | R7: 1110502 | S7: IC Microcontroller R7F7010323AFP | T7: U1 | U7: - | V7: - | W7: - | X7: MLSMD-05-01/Screen printer | Y7: - | Z7: - | AA7: - | AB7: - | AC7: اتصالی | AD7: - | AE7: 0 | AF7: 0 | AG7: 0 | AH7: 0 | AI7: 2 | AJ7: 2 | AK7: 44000 | AL7: IC | AM7: 0 | AN7: 0 | AO7: - | AP7: - | AQ7: - | AR7: - | AS7: - | AT7: - | AU7: فرآیندی | AV7: کنترل ماشینی | AW7: - | AX7: - | AY7: کنترل ماشینی | AZ7: 14000 | BA7: 12000 | BB7: - | BC7: - | BD7: - | BE7: - | BF7: - | BG7: - | BH7: سامسونگ 1 | BI7: - | BJ7: - | BK7: - | BL7: - | BM7: 0 | BN7: - | BO7: 14000 | BP7: 12000
A8: 1405/05/03 | B8: - | C8: - | D8: 1201643 | E8: جعبه الکترونیکی مونتاژ ماشینی شده NBCM_DENA_SBR | F8: =VLOOKUP(D8,Table1[],3,0) -> NBCM DENA | G8: =VLOOKUP(D8,Table1[],4,0) -> NBCM | H8: =VLOOKUP(D8,Table1[],5,0) -> NBCM | I8: =VLOOKUP(D8,Table1[],6,0) -> Nodes | J8: - | K8: SI-03 | L8: جهت قطعه اشتباه | M8: 3 | N8: 0 | O8: ELE | P8: بازکاری | Q8: اپراتور | R8: 1110460 | S8: IC CAN Transceiver TJA1042T | T8: UCH1 | U8: - | V8: - | W8: - | X8: MLSMD-09-01/Chip Mounter- SM482+ | Y8: - | Z8: - | AA8: - | AB8: - | AC8: جهت قطعه اشتباه | AD8: - | AE8: 0 | AF8: 0 | AG8: 0 | AH8: 0 | AI8: 2 | AJ8: - | AK8: 44000 | AL8: IC | AM8: 0 | AN8: 0 | AO8: - | AP8: - | AQ8: - | AR8: - | AS8: - | AT8: - | AU8: فرآیندی | AV8: کنترل ماشینی | AW8: - | AX8: - | AY8: کنترل ماشینی | AZ8: 14000 | BA8: 12000 | BB8: - | BC8: - | BD8: - | BE8: - | BF8: - | BG8: - | BH8: سامسونگ 1 | BI8: - | BJ8: - | BK8: - | BL8: - | BM8: 0 | BN8: - | BO8: 14000 | BP8: 12000
A9: 1405/05/04 | B9: - | C9: - | D9: 1201634 | E9: جعبه الکترونیکی مونتاژ ماشینی شده SBM 206 F1K | F9: =VLOOKUP(D9,Table1[],3,0) -> SBM | G9: =VLOOKUP(D9,Table1[],4,0) -> SBM | H9: =VLOOKUP(D9,Table1[],5,0) -> SBM | I9: =VLOOKUP(D9,Table1[],6,0) -> Nodes | J9: - | K9: SI-01 | L9: نبود قطعه | M9: 1 | N9: 0 | O9: ELE | P9: تعمیر | Q9: تجهیرات و ماشین آلات | R9: 1110708 | S9: Resistor 1K,5%,1/10W (3004604 | T9: R22 | U9: - | V9: - | W9: - | X9: MLSMD-09-01/Chip Mounter- SM482+ | Y9: - | Z9: - | AA9: - | AB9: - | AC9: نبود قطعه | AD9: - | AE9: 0 | AF9: 0 | AG9: 0 | AH9: 0 | AI9: - | AJ9: - | AK9: 44000 | AL9: مقاومت | AM9: 0 | AN9: 0 | AO9: - | AP9: - | AQ9: - | AR9: - | AS9: - | AT9: - | AU9: فرآیندی | AV9: کنترل ماشینی | AW9: - | AX9: - | AY9: کنترل ماشینی | AZ9: 14000 | BA9: 12000 | BB9: - | BC9: - | BD9: - | BE9: - | BF9: - | BG9: - | BH9: سامسونگ 1 | BI9: - | BJ9: - | BK9: - | BL9: - | BM9: 0 | BN9: - | BO9: 14000 | BP9: 12000
A10: 1405/05/04 | B10: - | C10: - | D10: 1201634 | E10: جعبه الکترونیکی مونتاژ ماشینی شده SBM 206 F1K | F10: =VLOOKUP(D10,Table1[],3,0) -> SBM | G10: =VLOOKUP(D10,Table1[],4,0) -> SBM | H10: =VLOOKUP(D10,Table1[],5,0) -> SBM | I10: =VLOOKUP(D10,Table1[],6,0) -> Nodes | J10: - | K10: SI-03 | L10: جهت قطعه اشتباه | M10: 1 | N10: 0 | O10: ELE | P10: بازکاری | Q10: اپراتور | R10: 1110460 | S10: IC CAN Transceiver TJA1042T | T10: UCH1 | U10: - | V10: - | W10: - | X10: MLSMD-09-01/Chip Mounter- SM482+ | Y10: - | Z10: - | AA10: - | AB10: - | AC10: جهت قطعه اشتباه | AD10: - | AE10: 0 | AF10: 0 | AG10: 0 | AH10: 0 | AI10: - | AJ10: - | AK10: 44000 | AL10: IC | AM10: 0 | AN10: 0 | AO10: - | AP10: - | AQ10: - | AR10: - | AS10: - | AT10: - | AU10: فرآیندی | AV10: کنترل ماشینی | AW10: - | AX10: - | AY10: کنترل ماشینی | AZ10: 14000 | BA10: 12000 | BB10: - | BC10: - | BD10: - | BE10: - | BF10: - | BG10: - | BH10: سامسونگ 1 | BI10: - | BJ10: - | BK10: - | BL10: - | BM10: 0 | BN10: - | BO10: 14000 | BP10: 12000
A11: 1405/05/04 | B11: - | C11: - | D11: 1201634 | E11: جعبه الکترونیکی مونتاژ ماشینی شده SBM 206 F1K | F11: =VLOOKUP(D11,Table1[],3,0) -> SBM | G11: =VLOOKUP(D11,Table1[],4,0) -> SBM | H11: =VLOOKUP(D11,Table1[],5,0) -> SBM | I11: =VLOOKUP(D11,Table1[],6,0) -> Nodes | J11: - | K11: SI-05 | L11: شیفت قطعه | M11: 1 | N11: 0 | O11: ELE | P11: بازکاری | Q11: تجهیرات و ماشین آلات | R11: 1110628 | S11: Transistor PUMD3 | T11: UO4 | U11: - | V11: - | W11: - | X11: MLSMD-09-01/Chip Mounter- SM482+ | Y11: - | Z11: - | AA11: - | AB11: - | AC11: شیفت قطعه | AD11: - | AE11: 0 | AF11: 0 | AG11: 0 | AH11: 0 | AI11: - | AJ11: - | AK11: 44000 | AL11: IC | AM11: 0 | AN11: 0 | AO11: - | AP11: - | AQ11: - | AR11: - | AS11: - | AT11: - | AU11: فرآیندی | AV11: کنترل ماشینی | AW11: - | AX11: - | AY11: کنترل ماشینی | AZ11: 14000 | BA11: 12000 | BB11: - | BC11: - | BD11: - | BE11: - | BF11: - | BG11: - | BH11: سامسونگ 1 | BI11: - | BJ11: - | BK11: - | BL11: - | BM11: 0 | BN11: - | BO11: 14000 | BP11: 12000
A12: 1405/05/03 | B12: - | C12: - | D12: 1201508 | E12: نمایشگر دیجیتال مونتاژشده P206 PLUS RL78 | F12: =VLOOKUP(D12,Table1[],3,0) -> MFD 206 PLUS | G12: =VLOOKUP(D12,Table1[],4,0) -> MFD | H12: =VLOOKUP(D12,Table1[],5,0) -> MFD | I12: =VLOOKUP(D12,Table1[],6,0) -> Display Unit | J12: - | K12: SS-08 | L12: اتصالی پد | M12: 3 | N12: 0 | O12: ELE | P12: بازکاری | Q12: تجهیرات و ماشین آلات | R12: 1110488 | S12: IC Micro controller RL78 R5F10TPJJFB | T12: U1 | U12: - | V12: - | W12: - | X12: MLSMD2-02-01/Screen printer 2 | Y12: - | Z12: - | AA12: - | AB12: - | AC12: اتصالی | AD12: - | AE12: 0 | AF12: 0 | AG12: 0 | AH12: 0 | AI12: 2 | AJ12: 2 | AK12: 44000 | AL12: IC | AM12: 0 | AN12: 0 | AO12: - | AP12: - | AQ12: - | AR12: - | AS12: - | AT12: - | AU12: فرآیندی | AV12: کنترل ماشینی | AW12: - | AX12: - | AY12: کنترل ماشینی | AZ12: 14000 | BA12: 12000 | BB12: - | BC12: - | BD12: - | BE12: - | BF12: - | BG12: - | BH12: سامسونگ 2 | BI12: - | BJ12: - | BK12: - | BL12: - | BM12: 0 | BN12: - | BO12: 14000 | BP12: 12000
A13: 1405/05/03 | B13: - | C13: - | D13: 1201508 | E13: نمایشگر دیجیتال مونتاژشده P206 PLUS RL78 | F13: =VLOOKUP(D13,Table1[],3,0) -> MFD 206 PLUS | G13: =VLOOKUP(D13,Table1[],4,0) -> MFD | H13: =VLOOKUP(D13,Table1[],5,0) -> MFD | I13: =VLOOKUP(D13,Table1[],6,0) -> Display Unit | J13: - | K13: SS-08 | L13: اتصالی پد | M13: 3 | N13: 0 | O13: ELE | P13: بازکاری | Q13: تجهیرات و ماشین آلات | R13: 1110488 | S13: IC Micro controller RL78 R5F10TPJJFB | T13: U1 | U13: - | V13: - | W13: - | X13: MLSMD2-02-01/Screen printer 2 | Y13: - | Z13: - | AA13: - | AB13: - | AC13: اتصالی | AD13: - | AE13: 0 | AF13: 0 | AG13: 0 | AH13: 0 | AI13: 2 | AJ13: 2 | AK13: 44000 | AL13: IC | AM13: 0 | AN13: 0 | AO13: - | AP13: - | AQ13: - | AR13: - | AS13: - | AT13: - | AU13: فرآیندی | AV13: کنترل ماشینی | AW13: - | AX13: - | AY13: کنترل ماشینی | AZ13: 14000 | BA13: 12000 | BB13: - | BC13: - | BD13: - | BE13: - | BF13: - | BG13: - | BH13: سامسونگ 2 | BI13: - | BJ13: - | BK13: - | BL13: - | BM13: 0 | BN13: - | BO13: 14000 | BP13: 12000
A14: 1405/05/03 | B14: - | C14: - | D14: 1201997 | E14: جلوآمپر مونتاژ ماشینی شده 207 دستی یکسان سازی | F14: =VLOOKUP(D14,Table1[],3,0) -> ICN1 207 | G14: =VLOOKUP(D14,Table1[],4,0) -> ICN1 207 | H14: =VLOOKUP(D14,Table1[],5,0) -> ICN1 207 | I14: =VLOOKUP(D14,Table1[],6,0) -> Cluster Instrument | J14: - | K14: SI-05 | L14: شیفت قطعه | M14: 1 | N14: 0 | O14: ELE | P14: بازکاری | Q14: تجهیرات و ماشین آلات | R14: 1110098 | S14: Capacitor 330uF,35V,20%,105C,D<8,L<20 | T14: CP2 | U14: - | V14: - | W14: - | X14: MLSMD2-06-01/Chip Mounter- SM481 | Y14: - | Z14: - | AA14: - | AB14: - | AC14: شیفت قطعه | AD14: - | AE14: 0 | AF14: 0 | AG14: 0 | AH14: 0 | AI14: - | AJ14: - | AK14: 44000 | AL14: IC | AM14: 0 | AN14: 0 | AO14: - | AP14: - | AQ14: - | AR14: - | AS14: - | AT14: - | AU14: فرآیندی | AV14: کنترل ماشینی | AW14: - | AX14: - | AY14: کنترل ماشینی | AZ14: 14000 | BA14: 12000 | BB14: - | BC14: - | BD14: - | BE14: - | BF14: - | BG14: - | BH14: سامسونگ 2 | BI14: - | BJ14: - | BK14: - | BL14: - | BM14: 0 | BN14: - | BO14: 14000 | BP14: 12000
A15: 1405/05/03 | B15: - | C15: - | D15: 1201646 | E15: جعبه الکترونیکی مونتاژ ماشینی شده NBCM_TARAMY_SBR | F15: =VLOOKUP(D15,Table1[],3,0) -> NBCM TARA | G15: =VLOOKUP(D15,Table1[],4,0) -> NBCM | H15: =VLOOKUP(D15,Table1[],5,0) -> NBCM | I15: =VLOOKUP(D15,Table1[],6,0) -> Nodes | J15: - | K15: SS-10 | L15: عدم اتصال پایه به پد | M15: 12 | N15: 0 | O15: ELE | P15: بازکاری | Q15: اپراتور | R15: 1110460 | S15: IC CAN Transceiver TJA1042T | T15: UCH1 | U15: - | V15: - | W15: - | X15: MLSMD-09-01/Chip Mounter- SM482+ | Y15: - | Z15: - | AA15: - | AB15: - | AC15: بالا بودن پایه | AD15: - | AE15: 0 | AF15: 0 | AG15: 0 | AH15: 0 | AI15: - | AJ15: - | AK15: 44000 | AL15: IC | AM15: 0 | AN15: 0 | AO15: - | AP15: - | AQ15: - | AR15: - | AS15: - | AT15: - | AU15: فرآیندی | AV15: کنترل ماشینی | AW15: - | AX15: - | AY15: کنترل ماشینی | AZ15: 14000 | BA15: 12000 | BB15: - | BC15: - | BD15: - | BE15: - | BF15: - | BG15: - | BH15: سامسونگ 1 | BI15: - | BJ15: - | BK15: - | BL15: - | BM15: 0 | BN15: - | BO15: 14000 | BP15: 12000
A16: 1405/05/03 | B16: - | C16: - | D16: 1201646 | E16: جعبه الکترونیکی مونتاژ ماشینی شده NBCM_TARAMY_SBR | F16: =VLOOKUP(D16,Table1[],3,0) -> NBCM TARA | G16: =VLOOKUP(D16,Table1[],4,0) -> NBCM | H16: =VLOOKUP(D16,Table1[],5,0) -> NBCM | I16: =VLOOKUP(D16,Table1[],6,0) -> Nodes | J16: - | K16: SI-03 | L16: جهت قطعه اشتباه | M16: 11 | N16: 0 | O16: ELE | P16: بازکاری | Q16: اپراتور | R16: 1110460 | S16: IC CAN Transceiver TJA1042T | T16: UCH1 | U16: - | V16: - | W16: - | X16: MLSMD-09-01/Chip Mounter- SM482+ | Y16: - | Z16: - | AA16: - | AB16: - | AC16: جهت قطعه اشتباه | AD16: - | AE16: 0 | AF16: 0 | AG16: 0 | AH16: 0 | AI16: - | AJ16: - | AK16: 44000 | AL16: IC | AM16: 0 | AN16: 0 | AO16: - | AP16: - | AQ16: - | AR16: - | AS16: - | AT16: - | AU16: فرآیندی | AV16: کنترل ماشینی | AW16: - | AX16: - | AY16: کنترل ماشینی | AZ16: 14000 | BA16: 12000 | BB16: - | BC16: - | BD16: - | BE16: - | BF16: - | BG16: - | BH16: سامسونگ 1 | BI16: - | BJ16: - | BK16: - | BL16: - | BM16: 0 | BN16: - | BO16: 14000 | BP16: 12000
A17: 1405/05/03 | B17: - | C17: - | D17: 1201646 | E17: جعبه الکترونیکی مونتاژ ماشینی شده NBCM_TARAMY_SBR | F17: =VLOOKUP(D17,Table1[],3,0) -> NBCM TARA | G17: =VLOOKUP(D17,Table1[],4,0) -> NBCM | H17: =VLOOKUP(D17,Table1[],5,0) -> NBCM | I17: =VLOOKUP(D17,Table1[],6,0) -> Nodes | J17: - | K17: SS-08 | L17: اتصالی پد | M17: 11 | N17: 0 | O17: ELE | P17: بازکاری | Q17: تجهیرات و ماشین آلات | R17: 1110502 | S17: IC Microcontroller R7F7010323AFP | T17: U1 | U17: - | V17: - | W17: - | X17: MLSMD-09-01/Chip Mounter- SM482+ | Y17: - | Z17: - | AA17: - | AB17: - | AC17: اتصالی | AD17: - | AE17: 0 | AF17: 0 | AG17: 0 | AH17: 0 | AI17: 2 | AJ17: 2 | AK17: 44000 | AL17: IC | AM17: 0 | AN17: 0 | AO17: - | AP17: - | AQ17: - | AR17: - | AS17: - | AT17: - | AU17: فرآیندی | AV17: کنترل ماشینی | AW17: - | AX17: - | AY17: کنترل ماشینی | AZ17: 14000 | BA17: 12000 | BB17: - | BC17: - | BD17: - | BE17: - | BF17: - | BG17: - | BH17: سامسونگ 1 | BI17: - | BJ17: - | BK17: - | BL17: - | BM17: 0 | BN17: - | BO17: 14000 | BP17: 12000
A18: 1405/05/03 | B18: - | C18: - | D18: 1201634 | E18: جعبه الکترونیکی مونتاژ ماشینی شده SBM 206 F1K | F18: =VLOOKUP(D18,Table1[],3,0) -> SBM | G18: =VLOOKUP(D18,Table1[],4,0) -> SBM | H18: =VLOOKUP(D18,Table1[],5,0) -> SBM | I18: =VLOOKUP(D18,Table1[],6,0) -> Nodes | J18: - | K18: SI-05 | L18: شیفت قطعه | M18: 2 | N18: 0 | O18: ELE | P18: بازکاری | Q18: اپراتور | R18: 1110460 | S18: IC CAN Transceiver TJA1042T | T18: UCH1 | U18: - | V18: - | W18: - | X18: MLSMD-09-01/Chip Mounter- SM482+ | Y18: - | Z18: - | AA18: - | AB18: - | AC18: جهت اشتباه | AD18: - | AE18: 0 | AF18: 0 | AG18: 0 | AH18: 0 | AI18: - | AJ18: - | AK18: 44000 | AL18: IC | AM18: 0 | AN18: 0 | AO18: - | AP18: - | AQ18: - | AR18: - | AS18: - | AT18: - | AU18: فرآیندی | AV18: کنترل ماشینی | AW18: - | AX18: - | AY18: کنترل ماشینی | AZ18: 14000 | BA18: 12000 | BB18: - | BC18: - | BD18: - | BE18: - | BF18: - | BG18: - | BH18: سامسونگ 1 | BI18: - | BJ18: - | BK18: - | BL18: - | BM18: 0 | BN18: - | BO18: 14000 | BP18: 12000
A19: 1405/05/04 | B19: - | C19: - | D19: 1201999 | E19: جلوآمپر مونتاژ شده ICN2_X100_ST | F19: =VLOOKUP(D19,Table1[],3,0) -> ICN2 X100 | G19: =VLOOKUP(D19,Table1[],4,0) -> ICN2 X100 | H19: =VLOOKUP(D19,Table1[],5,0) -> ICN2 X100 | I19: =VLOOKUP(D19,Table1[],6,0) -> Cluster Instrument | J19: - | K19: SI-01 | L19: نبود قطعه | M19: 3 | N19: 0 | O19: ELE | P19: تعمیر | Q19: تجهیرات و ماشین آلات | R19: 1110337 | S19: Resistor 22K,5%,1/12W | T19: R35 | U19: - | V19: - | W19: - | X19: MLSMD3-04-01/Chip Mounter- MIRAE07 | Y19: - | Z19: - | AA19: - | AB19: - | AC19: نبود قطعه | AD19: - | AE19: 0 | AF19: 0 | AG19: 0 | AH19: 0 | AI19: 3 | AJ19: 2 | AK19: 44000 | AL19: مقاومت | AM19: 0 | AN19: 0 | AO19: - | AP19: - | AQ19: - | AR19: - | AS19: - | AT19: - | AU19: فرآیندی | AV19: کنترل ماشینی | AW19: - | AX19: - | AY19: کنترل ماشینی | AZ19: 14000 | BA19: 12000 | BB19: - | BC19: - | BD19: - | BE19: - | BF19: - | BG19: - | BH19: ماشین میرایی | BI19: - | BJ19: - | BK19: - | BL19: - | BM19: 0 | BN19: - | BO19: 14000 | BP19: 12000
A20: 1405/05/04 | B20: - | C20: - | D20: 1201999 | E20: جلوآمپر مونتاژ شده ICN2_X100_ST | F20: =VLOOKUP(D20,Table1[],3,0) -> ICN2 X100 | G20: =VLOOKUP(D20,Table1[],4,0) -> ICN2 X100 | H20: =VLOOKUP(D20,Table1[],5,0) -> ICN2 X100 | I20: =VLOOKUP(D20,Table1[],6,0) -> Cluster Instrument | J20: - | K20: SI-05 | L20: شیفت قطعه | M20: 1 | N20: 0 | O20: ELE | P20: بازکاری | Q20: تجهیرات و ماشین آلات | R20: 1121002 | S20: Regulator LM2931T-5.0 | T20: REG1 | U20: - | V20: - | W20: - | X20: MLSMD3-04-01/Chip Mounter- MIRAE07 | Y20: - | Z20: - | AA20: - | AB20: - | AC20: شیفت قطعه | AD20: - | AE20: 0 | AF20: 0 | AG20: 0 | AH20: 0 | AI20: 1 | AJ20: 2 | AK20: 44000 | AL20: IC | AM20: 0 | AN20: 0 | AO20: - | AP20: - | AQ20: - | AR20: - | AS20: - | AT20: - | AU20: فرآیندی | AV20: کنترل ماشینی | AW20: - | AX20: - | AY20: کنترل ماشینی | AZ20: 14000 | BA20: 12000 | BB20: - | BC20: - | BD20: - | BE20: - | BF20: - | BG20: - | BH20: ماشین میرایی | BI20: - | BJ20: - | BK20: - | BL20: - | BM20: 0 | BN20: - | BO20: 14000 | BP20: 12000
A21: 1405/05/04 | B21: - | C21: - | D21: 1201999 | E21: جلوآمپر مونتاژ شده ICN2_X100_ST | F21: =VLOOKUP(D21,Table1[],3,0) -> ICN2 X100 | G21: =VLOOKUP(D21,Table1[],4,0) -> ICN2 X100 | H21: =VLOOKUP(D21,Table1[],5,0) -> ICN2 X100 | I21: =VLOOKUP(D21,Table1[],6,0) -> Cluster Instrument | J21: - | K21: SI-05 | L21: شیفت قطعه | M21: 2 | N21: 0 | O21: ELE | P21: بازکاری | Q21: تجهیرات و ماشین آلات | R21: 1110098 | S21: Capacitor 330uF,35V,20%,105C,D<8,L<20 | T21: CP2 | U21: - | V21: - | W21: - | X21: MLSMD3-04-01/Chip Mounter- MIRAE07 | Y21: - | Z21: - | AA21: - | AB21: - | AC21: شیفت قطعه | AD21: - | AE21: 0 | AF21: 0 | AG21: 0 | AH21: 0 | AI21: 1 | AJ21: 2 | AK21: 44000 | AL21: خازن | AM21: 0 | AN21: 0 | AO21: - | AP21: - | AQ21: - | AR21: - | AS21: - | AT21: - | AU21: فرآیندی | AV21: کنترل ماشینی | AW21: - | AX21: - | AY21: کنترل ماشینی | AZ21: 14000 | BA21: 12000 | BB21: - | BC21: - | BD21: - | BE21: - | BF21: - | BG21: - | BH21: ماشین میرایی | BI21: - | BJ21: - | BK21: - | BL21: - | BM21: 0 | BN21: - | BO21: 14000 | BP21: 12000
A22: 1405/05/04 | B22: - | C22: - | D22: 1201999 | E22: جلوآمپر مونتاژ شده ICN2_X100_ST | F22: =VLOOKUP(D22,Table1[],3,0) -> ICN2 X100 | G22: =VLOOKUP(D22,Table1[],4,0) -> ICN2 X100 | H22: =VLOOKUP(D22,Table1[],5,0) -> ICN2 X100 | I22: =VLOOKUP(D22,Table1[],6,0) -> Cluster Instrument | J22: - | K22: SI-05 | L22: شیفت قطعه | M22: 1 | N22: 0 | O22: ELE | P22: بازکاری | Q22: تجهیرات و ماشین آلات | R22: 1110405 | S22: IC EEPROM AT24C02C-SSHM-T | T22: U3 | U22: - | V22: - | W22: - | X22: MLSMD3-04-01/Chip Mounter- MIRAE07 | Y22: - | Z22: - | AA22: - | AB22: - | AC22: شیفت قطعه | AD22: - | AE22: 0 | AF22: 0 | AG22: 0 | AH22: 0 | AI22: 1 | AJ22: 2 | AK22: 44000 | AL22: IC | AM22: 0 | AN22: 0 | AO22: - | AP22: - | AQ22: - | AR22: - | AS22: - | AT22: - | AU22: فرآیندی | AV22: کنترل ماشینی | AW22: - | AX22: - | AY22: کنترل ماشینی | AZ22: 14000 | BA22: 12000 | BB22: - | BC22: - | BD22: - | BE22: - | BF22: - | BG22: - | BH22: ماشین میرایی | BI22: - | BJ22: - | BK22: - | BL22: - | BM22: 0 | BN22: - | BO22: 14000 | BP22: 12000
A23: 1405/05/01 | B23: - | C23: - | D23: 1201963 | E23: جلوآمپر مونتاژ ماشینی شده ICN1-DENA-HPT-THT | F23: =VLOOKUP(D23,Table1[],3,0) -> ICN1 DENA | G23: =VLOOKUP(D23,Table1[],4,0) -> ICN1 DENA | H23: =VLOOKUP(D23,Table1[],5,0) -> ICN1 DENA | I23: =VLOOKUP(D23,Table1[],6,0) -> Cluster Instrument | J23: - | K23: SS-08 | L23: اتصالی پد | M23: 3 | N23: 0 | O23: ELE | P23: بازکاری | Q23: تجهیرات و ماشین آلات | R23: 1110488 | S23: IC Micro controller RL78 R5F10TPJJFB | T23: U1 | U23: - | V23: - | W23: - | X23: MLSMD3-02-01/Screen printer- ERSA | Y23: - | Z23: - | AA23: - | AB23: - | AC23: اتصالی | AD23: - | AE23: 0 | AF23: 0 | AG23: 0 | AH23: 0 | AI23: 2 | AJ23: 2 | AK23: 44000 | AL23: IC | AM23: 0 | AN23: 0 | AO23: - | AP23: - | AQ23: - | AR23: - | AS23: - | AT23: - | AU23: فرآیندی | AV23: کنترل ماشینی | AW23: - | AX23: - | AY23: کنترل ماشینی | AZ23: 14000 | BA23: 12000 | BB23: - | BC23: - | BD23: - | BE23: - | BF23: - | BG23: - | BH23: ماشین میرایی | BI23: - | BJ23: - | BK23: - | BL23: - | BM23: 0 | BN23: - | BO23: 14000 | BP23: 12000
A24: 1405/05/01 | B24: - | C24: - | D24: 1201963 | E24: جلوآمپر مونتاژ ماشینی شده ICN1-DENA-HPT-THT | F24: =VLOOKUP(D24,Table1[],3,0) -> ICN1 DENA | G24: =VLOOKUP(D24,Table1[],4,0) -> ICN1 DENA | H24: =VLOOKUP(D24,Table1[],5,0) -> ICN1 DENA | I24: =VLOOKUP(D24,Table1[],6,0) -> Cluster Instrument | J24: - | K24: SI-01 | L24: نبود قطعه | M24: 1 | N24: 0 | O24: ELE | P24: تعمیر | Q24: تجهیرات و ماشین آلات | R24: 1110858 | S24: LED Blue-LB T676-K2L2-1 | T24: LED22 | U24: - | V24: - | W24: - | X24: MLSMD3-04-01/Chip Mounter- MIRAE07 | Y24: - | Z24: - | AA24: - | AB24: - | AC24: نبود قطعه | AD24: - | AE24: 0 | AF24: 0 | AG24: 0 | AH24: 0 | AI24: 3 | AJ24: 2 | AK24: 44000 | AL24: LED | AM24: 0 | AN24: 0 | AO24: - | AP24: - | AQ24: - | AR24: - | AS24: - | AT24: - | AU24: فرآیندی | AV24: کنترل ماشینی | AW24: - | AX24: - | AY24: کنترل ماشینی | AZ24: 14000 | BA24: 12000 | BB24: - | BC24: - | BD24: - | BE24: - | BF24: - | BG24: - | BH24: ماشین میرایی | BI24: - | BJ24: - | BK24: - | BL24: - | BM24: 0 | BN24: - | BO24: 14000 | BP24: 12000
A25: 1405/05/01 | B25: - | C25: - | D25: 1201963 | E25: جلوآمپر مونتاژ ماشینی شده ICN1-DENA-HPT-THT | F25: =VLOOKUP(D25,Table1[],3,0) -> ICN1 DENA | G25: =VLOOKUP(D25,Table1[],4,0) -> ICN1 DENA | H25: =VLOOKUP(D25,Table1[],5,0) -> ICN1 DENA | I25: =VLOOKUP(D25,Table1[],6,0) -> Cluster Instrument | J25: - | K25: SI-05 | L25: شیفت قطعه | M25: 3 | N25: 0 | O25: ELE | P25: بازکاری | Q25: تجهیرات و ماشین آلات | R25: 1110610 | S25: Transistor BCX56 | T25: Q2 | U25: - | V25: - | W25: - | X25: MLSMD3-04-01/Chip Mounter- MIRAE07 | Y25: - | Z25: - | AA25: - | AB25: - | AC25: شیفت قطعه | AD25: - | AE25: 0 | AF25: 0 | AG25: 0 | AH25: 0 | AI25: 1 | AJ25: 2 | AK25: 44000 | AL25: ترانزیستور | AM25: 0 | AN25: 0 | AO25: - | AP25: - | AQ25: - | AR25: - | AS25: - | AT25: - | AU25: فرآیندی | AV25: کنترل ماشینی | AW25: - | AX25: - | AY25: کنترل ماشینی | AZ25: 14000 | BA25: 12000 | BB25: - | BC25: - | BD25: - | BE25: - | BF25: - | BG25: - | BH25: ماشین میرایی | BI25: - | BJ25: - | BK25: - | BL25: - | BM25: 0 | BN25: - | BO25: 14000 | BP25: 12000
A26: 1405/05/01 | B26: - | C26: - | D26: 1201634 | E26: جعبه الکترونیکی مونتاژ ماشینی شده SBM 206 F1K | F26: =VLOOKUP(D26,Table1[],3,0) -> SBM | G26: =VLOOKUP(D26,Table1[],4,0) -> SBM | H26: =VLOOKUP(D26,Table1[],5,0) -> SBM | I26: =VLOOKUP(D26,Table1[],6,0) -> Nodes | J26: - | K26: SI-05 | L26: شیفت قطعه | M26: 3 | N26: 0 | O26: ELE | P26: بازکاری | Q26: تجهیرات و ماشین آلات | R26: 1110901 | S26: Diode 1N4007WS | T26: D3 | U26: - | V26: - | W26: - | X26: MLSMD-09-01/Chip Mounter- SM482+ | Y26: - | Z26: - | AA26: - | AB26: - | AC26: شیفت قطعه | AD26: - | AE26: 0 | AF26: 0 | AG26: 0 | AH26: 0 | AI26: - | AJ26: - | AK26: 44000 | AL26: دیود | AM26: 0 | AN26: 0 | AO26: - | AP26: - | AQ26: - | AR26: - | AS26: - | AT26: - | AU26: فرآیندی | AV26: کنترل ماشینی | AW26: - | AX26: - | AY26: کنترل ماشینی | AZ26: 14000 | BA26: 12000 | BB26: - | BC26: - | BD26: - | BE26: - | BF26: - | BG26: - | BH26: سامسونگ 1 | BI26: - | BJ26: - | BK26: - | BL26: - | BM26: 0 | BN26: - | BO26: 14000 | BP26: 12000
A27: 1405/05/01 | B27: - | C27: - | D27: 1201646 | E27: جعبه الکترونیکی مونتاژ ماشینی شده NBCM_TARAMY_SBR | F27: =VLOOKUP(D27,Table1[],3,0) -> NBCM TARA | G27: =VLOOKUP(D27,Table1[],4,0) -> NBCM | H27: =VLOOKUP(D27,Table1[],5,0) -> NBCM | I27: =VLOOKUP(D27,Table1[],6,0) -> Nodes | J27: - | K27: SS-10 | L27: عدم اتصال پایه به پد | M27: 7 | N27: 0 | O27: ELE | P27: بازکاری | Q27: اپراتور | R27: 1110401 | S27: IC ULQ2003D1013TRY | T27: UD4 | U27: - | V27: - | W27: - | X27: MLSMD-09-01/Chip Mounter- SM482+ | Y27: - | Z27: - | AA27: - | AB27: - | AC27: بالا بودن پایه | AD27: - | AE27: 0 | AF27: 0 | AG27: 0 | AH27: 0 | AI27: - | AJ27: - | AK27: 44000 | AL27: IC | AM27: 0 | AN27: 0 | AO27: - | AP27: - | AQ27: - | AR27: - | AS27: - | AT27: - | AU27: فرآیندی | AV27: کنترل ماشینی | AW27: - | AX27: - | AY27: کنترل ماشینی | AZ27: 14000 | BA27: 12000 | BB27: - | BC27: - | BD27: - | BE27: - | BF27: - | BG27: - | BH27: سامسونگ 1 | BI27: - | BJ27: - | BK27: - | BL27: - | BM27: 0 | BN27: - | BO27: 14000 | BP27: 12000
A28: 1405/05/01 | B28: - | C28: - | D28: 1201646 | E28: جعبه الکترونیکی مونتاژ ماشینی شده NBCM_TARAMY_SBR | F28: =VLOOKUP(D28,Table1[],3,0) -> NBCM TARA | G28: =VLOOKUP(D28,Table1[],4,0) -> NBCM | H28: =VLOOKUP(D28,Table1[],5,0) -> NBCM | I28: =VLOOKUP(D28,Table1[],6,0) -> Nodes | J28: - | K28: SI-03 | L28: جهت قطعه اشتباه | M28: 5 | N28: 0 | O28: ELE | P28: بازکاری | Q28: اپراتور | R28: 1110401 | S28: IC ULQ2003D1013TRY | T28: UD4 | U28: - | V28: - | W28: - | X28: MLSMD-09-01/Chip Mounter- SM482+ | Y28: - | Z28: - | AA28: - | AB28: - | AC28: جهت قطعه اشتباه | AD28: - | AE28: 0 | AF28: 0 | AG28: 0 | AH28: 0 | AI28: - | AJ28: - | AK28: 44000 | AL28: IC | AM28: 0 | AN28: 0 | AO28: - | AP28: - | AQ28: - | AR28: - | AS28: - | AT28: - | AU28: فرآیندی | AV28: کنترل ماشینی | AW28: - | AX28: - | AY28: کنترل ماشینی | AZ28: 14000 | BA28: 12000 | BB28: - | BC28: - | BD28: - | BE28: - | BF28: - | BG28: - | BH28: سامسونگ 1 | BI28: - | BJ28: - | BK28: - | BL28: - | BM28: 0 | BN28: - | BO28: 14000 | BP28: 12000
A29: 1405/05/04 | B29: - | C29: - | D29: 1201643 | E29: جعبه الکترونیکی مونتاژ ماشینی شده NBCM_DENA_SBR | F29: =VLOOKUP(D29,Table1[],3,0) -> NBCM DENA | G29: =VLOOKUP(D29,Table1[],4,0) -> NBCM | H29: =VLOOKUP(D29,Table1[],5,0) -> NBCM | I29: =VLOOKUP(D29,Table1[],6,0) -> Nodes | J29: - | K29: SS-08 | L29: اتصالی پد | M29: 2 | N29: 0 | O29: ELE | P29: بازکاری | Q29: تجهیرات و ماشین آلات | R29: 1110502 | S29: IC Microcontroller R7F7010323AFP | T29: U1 | U29: - | V29: - | W29: - | X29: MLSMD-05-01/Screen printer | Y29: - | Z29: - | AA29: - | AB29: - | AC29: اتصالی | AD29: - | AE29: 0 | AF29: 0 | AG29: 0 | AH29: 0 | AI29: 2 | AJ29: 2 | AK29: 44000 | AL29: IC | AM29: 0 | AN29: 0 | AO29: - | AP29: - | AQ29: - | AR29: - | AS29: - | AT29: - | AU29: فرآیندی | AV29: کنترل ماشینی | AW29: - | AX29: - | AY29: کنترل ماشینی | AZ29: 14000 | BA29: 12000 | BB29: - | BC29: - | BD29: - | BE29: - | BF29: - | BG29: - | BH29: سامسونگ 1 | BI29: - | BJ29: - | BK29: - | BL29: - | BM29: 0 | BN29: - | BO29: 14000 | BP29: 12000
A30: 1405/05/04 | B30: - | C30: - | D30: 1201643 | E30: جعبه الکترونیکی مونتاژ ماشینی شده NBCM_DENA_SBR | F30: =VLOOKUP(D30,Table1[],3,0) -> NBCM DENA | G30: =VLOOKUP(D30,Table1[],4,0) -> NBCM | H30: =VLOOKUP(D30,Table1[],5,0) -> NBCM | I30: =VLOOKUP(D30,Table1[],6,0) -> Nodes | J30: - | K30: SI-01 | L30: نبود قطعه | M30: 1 | N30: 0 | O30: ELE | P30: تعمیر | Q30: تجهیرات و ماشین آلات | R30: 1110759 | S30: Resistor 1.2k,5%,1/10W | T30: RA3 | U30: - | V30: - | W30: - | X30: MLSMD-09-01/Chip Mounter- SM482+ | Y30: - | Z30: - | AA30: - | AB30: - | AC30: نبود قطعه | AD30: - | AE30: 0 | AF30: 0 | AG30: 0 | AH30: 0 | AI30: 3 | AJ30: 2 | AK30: 44000 | AL30: مقاومت | AM30: 0 | AN30: 0 | AO30: - | AP30: - | AQ30: - | AR30: - | AS30: - | AT30: - | AU30: فرآیندی | AV30: کنترل ماشینی | AW30: - | AX30: - | AY30: کنترل ماشینی | AZ30: 14000 | BA30: 12000 | BB30: - | BC30: - | BD30: - | BE30: - | BF30: - | BG30: - | BH30: سامسونگ 1 | BI30: - | BJ30: - | BK30: - | BL30: - | BM30: 0 | BN30: - | BO30: 14000 | BP30: 12000
A31: 1405/05/04 | B31: - | C31: - | D31: 1201643 | E31: جعبه الکترونیکی مونتاژ ماشینی شده NBCM_DENA_SBR | F31: =VLOOKUP(D31,Table1[],3,0) -> NBCM DENA | G31: =VLOOKUP(D31,Table1[],4,0) -> NBCM | H31: =VLOOKUP(D31,Table1[],5,0) -> NBCM | I31: =VLOOKUP(D31,Table1[],6,0) -> Nodes | J31: - | K31: SI-03 | L31: جهت قطعه اشتباه | M31: 1 | N31: 0 | O31: ELE | P31: بازکاری | Q31: تجهیرات و ماشین آلات | R31: 1110901 | S31: Diode 1N4007WS | T31: DI4 | U31: - | V31: - | W31: - | X31: MLSMD-09-01/Chip Mounter- SM482+ | Y31: - | Z31: - | AA31: - | AB31: - | AC31: جهت اشتباه | AD31: - | AE31: 0 | AF31: 0 | AG31: 0 | AH31: 0 | AI31: 2 | AJ31: - | AK31: 44000 | AL31: دیود | AM31: 0 | AN31: 0 | AO31: - | AP31: - | AQ31: - | AR31: - | AS31: - | AT31: - | AU31: فرآیندی | AV31: کنترل ماشینی | AW31: - | AX31: - | AY31: کنترل ماشینی | AZ31: 14000 | BA31: 12000 | BB31: - | BC31: - | BD31: - | BE31: - | BF31: - | BG31: - | BH31: سامسونگ 1 | BI31: - | BJ31: - | BK31: - | BL31: - | BM31: 0 | BN31: - | BO31: 14000 | BP31: 12000
A32: 1405/05/04 | B32: - | C32: - | D32: 1201643 | E32: جعبه الکترونیکی مونتاژ ماشینی شده NBCM_DENA_SBR | F32: =VLOOKUP(D32,Table1[],3,0) -> NBCM DENA | G32: =VLOOKUP(D32,Table1[],4,0) -> NBCM | H32: =VLOOKUP(D32,Table1[],5,0) -> NBCM | I32: =VLOOKUP(D32,Table1[],6,0) -> Nodes | J32: - | K32: SI-05 | L32: شیفت قطعه | M32: 3 | N32: 0 | O32: ELE | P32: بازکاری | Q32: تجهیرات و ماشین آلات | R32: 1110759 | S32: Resistor 1.2k,5%,1/10W | T32: RA3 | U32: - | V32: - | W32: - | X32: MLSMD-09-01/Chip Mounter- SM482+ | Y32: - | Z32: - | AA32: - | AB32: - | AC32: شیفت قطعه | AD32: - | AE32: 0 | AF32: 0 | AG32: 0 | AH32: 0 | AI32: 1 | AJ32: 2 | AK32: 44000 | AL32: مقاومت | AM32: 0 | AN32: 0 | AO32: - | AP32: - | AQ32: - | AR32: - | AS32: - | AT32: - | AU32: فرآیندی | AV32: کنترل ماشینی | AW32: - | AX32: - | AY32: کنترل ماشینی | AZ32: 14000 | BA32: 12000 | BB32: - | BC32: - | BD32: - | BE32: - | BF32: - | BG32: - | BH32: سامسونگ 1 | BI32: - | BJ32: - | BK32: - | BL32: - | BM32: 0 | BN32: - | BO32: 14000 | BP32: 12000
A33: 1405/05/04 | B33: - | C33: - | D33: 1201646 | E33: جعبه الکترونیکی مونتاژ ماشینی شده NBCM_TARAMY_SBR | F33: =VLOOKUP(D33,Table1[],3,0) -> NBCM TARA | G33: =VLOOKUP(D33,Table1[],4,0) -> NBCM | H33: =VLOOKUP(D33,Table1[],5,0) -> NBCM | I33: =VLOOKUP(D33,Table1[],6,0) -> Nodes | J33: - | K33: SS-08 | L33: اتصالی پد | M33: 1 | N33: 0 | O33: ELE | P33: بازکاری | Q33: تجهیرات و ماشین آلات | R33: 1110502 | S33: IC Microcontroller R7F7010323AFP | T33: U1 | U33: - | V33: - | W33: - | X33: MLSMD-05-01/Screen printer | Y33: - | Z33: - | AA33: - | AB33: - | AC33: اتصالی | AD33: - | AE33: 0 | AF33: 0 | AG33: 0 | AH33: 0 | AI33: 2 | AJ33: 2 | AK33: 44000 | AL33: IC | AM33: 0 | AN33: 0 | AO33: - | AP33: - | AQ33: - | AR33: - | AS33: - | AT33: - | AU33: فرآیندی | AV33: کنترل ماشینی | AW33: - | AX33: - | AY33: کنترل ماشینی | AZ33: 14000 | BA33: 12000 | BB33: - | BC33: - | BD33: - | BE33: - | BF33: - | BG33: - | BH33: سامسونگ 1 | BI33: - | BJ33: - | BK33: - | BL33: - | BM33: 0 | BN33: - | BO33: 14000 | BP33: 12000
A34: 1405/05/04 | B34: - | C34: - | D34: 1201646 | E34: جعبه الکترونیکی مونتاژ ماشینی شده NBCM_TARAMY_SBR | F34: =VLOOKUP(D34,Table1[],3,0) -> NBCM TARA | G34: =VLOOKUP(D34,Table1[],4,0) -> NBCM | H34: =VLOOKUP(D34,Table1[],5,0) -> NBCM | I34: =VLOOKUP(D34,Table1[],6,0) -> Nodes | J34: - | K34: SI-05 | L34: شیفت قطعه | M34: 3 | N34: 0 | O34: ELE | P34: بازکاری | Q34: تجهیرات و ماشین آلات | R34: 1110506 | S34: IC BTS7030-2EPA | T34: UO2 | U34: - | V34: - | W34: - | X34: MLSMD-09-01/Chip Mounter- SM482+ | Y34: - | Z34: - | AA34: - | AB34: - | AC34: شیفت قطعه | AD34: - | AE34: 0 | AF34: 0 | AG34: 0 | AH34: 0 | AI34: - | AJ34: - | AK34: 44000 | AL34: IC | AM34: 0 | AN34: 0 | AO34: - | AP34: - | AQ34: - | AR34: - | AS34: - | AT34: - | AU34: فرآیندی | AV34: کنترل ماشینی | AW34: - | AX34: - | AY34: کنترل ماشینی | AZ34: 14000 | BA34: 12000 | BB34: - | BC34: - | BD34: - | BE34: - | BF34: - | BG34: - | BH34: سامسونگ 1 | BI34: - | BJ34: - | BK34: - | BL34: - | BM34: 0 | BN34: - | BO34: 14000 | BP34: 12000
A35: 1405/05/04 | B35: - | C35: - | D35: 1201646 | E35: جعبه الکترونیکی مونتاژ ماشینی شده NBCM_TARAMY_SBR | F35: =VLOOKUP(D35,Table1[],3,0) -> NBCM TARA | G35: =VLOOKUP(D35,Table1[],4,0) -> NBCM | H35: =VLOOKUP(D35,Table1[],5,0) -> NBCM | I35: =VLOOKUP(D35,Table1[],6,0) -> Nodes | J35: - | K35: SS-08 | L35: اتصالی پد | M35: 3 | N35: 0 | O35: ELE | P35: بازکاری | Q35: تجهیرات و ماشین آلات | R35: 1110502 | S35: IC Microcontroller R7F7010323AFP | T35: U1 | U35: - | V35: - | W35: - | X35: MLSMD-05-01/Screen printer | Y35: - | Z35: - | AA35: - | AB35: - | AC35: اتصالی | AD35: - | AE35: 0 | AF35: 0 | AG35: 0 | AH35: 0 | AI35: 2 | AJ35: 2 | AK35: 44000 | AL35: IC | AM35: 0 | AN35: 0 | AO35: - | AP35: - | AQ35: - | AR35: - | AS35: - | AT35: - | AU35: فرآیندی | AV35: کنترل ماشینی | AW35: - | AX35: - | AY35: کنترل ماشینی | AZ35: 14000 | BA35: 12000 | BB35: - | BC35: - | BD35: - | BE35: - | BF35: - | BG35: - | BH35: سامسونگ 1 | BI35: - | BJ35: - | BK35: - | BL35: - | BM35: 0 | BN35: - | BO35: 14000 | BP35: 12000
A36: 1405/05/08 | B36: - | C36: - | D36: 1201963 | E36: جلوآمپر مونتاژ ماشینی شده ICN1-DENA-HPT-THT | F36: =VLOOKUP(D36,Table1[],3,0) -> ICN1 DENA | G36: =VLOOKUP(D36,Table1[],4,0) -> ICN1 DENA | H36: =VLOOKUP(D36,Table1[],5,0) -> ICN1 DENA | I36: =VLOOKUP(D36,Table1[],6,0) -> Cluster Instrument | J36: - | K36: SI-05 | L36: شیفت قطعه | M36: 3 | N36: 0 | O36: ELE | P36: بازکاری | Q36: تجهیرات و ماشین آلات | R36: 1110098 | S36: Capacitor 330uF,35V,20%,105C,D<8,L<20 | T36: C9 | U36: - | V36: - | W36: - | X36: MLSMD3-04-01/Chip Mounter- MIRAE07 | Y36: - | Z36: - | AA36: - | AB36: - | AC36: شیفت قطعه | AD36: - | AE36: 0 | AF36: 0 | AG36: 0 | AH36: 0 | AI36: 1 | AJ36: 2 | AK36: 44000 | AL36: خازن | AM36: 0 | AN36: 0 | AO36: - | AP36: - | AQ36: - | AR36: - | AS36: - | AT36: - | AU36: فرآیندی | AV36: کنترل ماشینی | AW36: - | AX36: - | AY36: کنترل ماشینی | AZ36: 14000 | BA36: 12000 | BB36: - | BC36: - | BD36: - | BE36: - | BF36: - | BG36: - | BH36: ماشین میرایی | BI36: - | BJ36: - | BK36: - | BL36: - | BM36: 0 | BN36: - | BO36: 14000 | BP36: 12000
A37: 1405/05/08 | B37: - | C37: - | D37: 1201963 | E37: جلوآمپر مونتاژ ماشینی شده ICN1-DENA-HPT-THT | F37: =VLOOKUP(D37,Table1[],3,0) -> ICN1 DENA | G37: =VLOOKUP(D37,Table1[],4,0) -> ICN1 DENA | H37: =VLOOKUP(D37,Table1[],5,0) -> ICN1 DENA | I37: =VLOOKUP(D37,Table1[],6,0) -> Cluster Instrument | J37: - | K37: SI-01 | L37: نبود قطعه | M37: 1 | N37: 0 | O37: ELE | P37: تعمیر | Q37: تجهیرات و ماشین آلات | R37: 1110903 | S37: Diode 1N4007 | T37: D2 | U37: - | V37: - | W37: - | X37: MLSMD3-04-01/Chip Mounter- MIRAE07 | Y37: - | Z37: - | AA37: - | AB37: - | AC37: نبود قطعه | AD37: - | AE37: 0 | AF37: 0 | AG37: 0 | AH37: 0 | AI37: 3 | AJ37: 2 | AK37: 44000 | AL37: دیود | AM37: 0 | AN37: 0 | AO37: - | AP37: - | AQ37: - | AR37: - | AS37: - | AT37: - | AU37: فرآیندی | AV37: کنترل ماشینی | AW37: - | AX37: - | AY37: کنترل ماشینی | AZ37: 14000 | BA37: 12000 | BB37: - | BC37: - | BD37: - | BE37: - | BF37: - | BG37: - | BH37: ماشین میرایی | BI37: - | BJ37: - | BK37: - | BL37: - | BM37: 0 | BN37: - | BO37: 14000 | BP37: 12000
A38: 1405/05/08 | B38: - | C38: - | D38: 1201963 | E38: جلوآمپر مونتاژ ماشینی شده ICN1-DENA-HPT-THT | F38: =VLOOKUP(D38,Table1[],3,0) -> ICN1 DENA | G38: =VLOOKUP(D38,Table1[],4,0) -> ICN1 DENA | H38: =VLOOKUP(D38,Table1[],5,0) -> ICN1 DENA | I38: =VLOOKUP(D38,Table1[],6,0) -> Cluster Instrument | J38: - | K38: SI-05 | L38: شیفت قطعه | M38: 1 | N38: 0 | O38: ELE | P38: بازکاری | Q38: تجهیرات و ماشین آلات | R38: 1110488 | S38: IC Micro controller RL78 R5F10TPJJFB | T38: U1 | U38: - | V38: - | W38: - | X38: MLSMD3-04-01/Chip Mounter- MIRAE07 | Y38: - | Z38: - | AA38: - | AB38: - | AC38: شیفت قطعه | AD38: - | AE38: 0 | AF38: 0 | AG38: 0 | AH38: 0 | AI38: 1 | AJ38: 2 | AK38: 44000 | AL38: IC | AM38: 0 | AN38: 0 | AO38: - | AP38: - | AQ38: - | AR38: - | AS38: - | AT38: - | AU38: فرآیندی | AV38: کنترل ماشینی | AW38: - | AX38: - | AY38: کنترل ماشینی | AZ38: 14000 | BA38: 12000 | BB38: - | BC38: - | BD38: - | BE38: - | BF38: - | BG38: - | BH38: ماشین میرایی | BI38: - | BJ38: - | BK38: - | BL38: - | BM38: 0 | BN38: - | BO38: 14000 | BP38: 12000
A39: 1405/05/06 | B39: - | C39: - | D39: 1201646 | E39: جعبه الکترونیکی مونتاژ ماشینی شده NBCM_TARAMY_SBR | F39: =VLOOKUP(D39,Table1[],3,0) -> NBCM TARA | G39: =VLOOKUP(D39,Table1[],4,0) -> NBCM | H39: =VLOOKUP(D39,Table1[],5,0) -> NBCM | I39: =VLOOKUP(D39,Table1[],6,0) -> Nodes | J39: - | K39: SS-08 | L39: اتصالی پد | M39: 2 | N39: 0 | O39: ELE | P39: بازکاری | Q39: تجهیرات و ماشین آلات | R39: 1110502 | S39: IC Microcontroller R7F7010323AFP | T39: U1 | U39: - | V39: - | W39: - | X39: MLSMD-05-01/Screen printer | Y39: - | Z39: - | AA39: - | AB39: - | AC39: اتصالی | AD39: - | AE39: 0 | AF39: 0 | AG39: 0 | AH39: 0 | AI39: 2 | AJ39: 2 | AK39: 44000 | AL39: IC | AM39: 0 | AN39: 0 | AO39: - | AP39: - | AQ39: - | AR39: - | AS39: - | AT39: - | AU39: فرآیندی | AV39: کنترل ماشینی | AW39: - | AX39: - | AY39: کنترل ماشینی | AZ39: 14000 | BA39: 12000 | BB39: - | BC39: - | BD39: - | BE39: - | BF39: - | BG39: - | BH39: سامسونگ 1 | BI39: - | BJ39: - | BK39: - | BL39: - | BM39: 0 | BN39: - | BO39: 14000 | BP39: 12000
A40: 1405/05/06 | B40: - | C40: - | D40: 1201646 | E40: جعبه الکترونیکی مونتاژ ماشینی شده NBCM_TARAMY_SBR | F40: =VLOOKUP(D40,Table1[],3,0) -> NBCM TARA | G40: =VLOOKUP(D40,Table1[],4,0) -> NBCM | H40: =VLOOKUP(D40,Table1[],5,0) -> NBCM | I40: =VLOOKUP(D40,Table1[],6,0) -> Nodes | J40: - | K40: SI-01 | L40: نبود قطعه | M40: 1 | N40: 0 | O40: ELE | P40: تعمیر | Q40: تجهیرات و ماشین آلات | R40: 1110337 | S40: Resistor 22K,5%,1/12W | T40: RI54 | U40: - | V40: - | W40: - | X40: MLSMD2-06-01/Chip Mounter- SM481 | Y40: - | Z40: - | AA40: - | AB40: - | AC40: نبود قطعه | AD40: - | AE40: 0 | AF40: 0 | AG40: 0 | AH40: 0 | AI40: 3 | AJ40: 2 | AK40: 44000 | AL40: مقاومت | AM40: 0 | AN40: 0 | AO40: - | AP40: - | AQ40: - | AR40: - | AS40: - | AT40: - | AU40: فرآیندی | AV40: کنترل ماشینی | AW40: - | AX40: - | AY40: کنترل ماشینی | AZ40: 14000 | BA40: 12000 | BB40: - | BC40: - | BD40: - | BE40: - | BF40: - | BG40: - | BH40: سامسونگ 1 | BI40: - | BJ40: - | BK40: - | BL40: - | BM40: 0 | BN40: - | BO40: 14000 | BP40: 12000
A41: 1405/05/07 | B41: - | C41: - | D41: 1201634 | E41: جعبه الکترونیکی مونتاژ ماشینی شده SBM 206 F1K | F41: =VLOOKUP(D41,Table1[],3,0) -> SBM | G41: =VLOOKUP(D41,Table1[],4,0) -> SBM | H41: =VLOOKUP(D41,Table1[],5,0) -> SBM | I41: =VLOOKUP(D41,Table1[],6,0) -> Nodes | J41: - | K41: SI-09 | L41: قطعه برعکس | M41: 1 | N41: 0 | O41: ELE | P41: بازکاری | Q41: تجهیرات و ماشین آلات | R41: 1110901 | S41: Diode 1N4007WS | T41: DIO3 | U41: - | V41: - | W41: - | X41: MLSMD-09-01/Chip Mounter- SM482+ | Y41: - | Z41: - | AA41: - | AB41: - | AC41: قطعه برعکس | AD41: - | AE41: 0 | AF41: 0 | AG41: 0 | AH41: 0 | AI41: 2 | AJ41: 2 | AK41: 44000 | AL41: دیود | AM41: 0 | AN41: 0 | AO41: - | AP41: - | AQ41: - | AR41: - | AS41: - | AT41: - | AU41: فرآیندی | AV41: کنترل ماشینی | AW41: - | AX41: - | AY41: کنترل ماشینی | AZ41: 14000 | BA41: 12000 | BB41: - | BC41: - | BD41: - | BE41: - | BF41: - | BG41: - | BH41: سامسونگ 1 | BI41: - | BJ41: - | BK41: - | BL41: - | BM41: 0 | BN41: - | BO41: 14000 | BP41: 12000
A42: 1405/05/07 | B42: - | C42: - | D42: 1201634 | E42: جعبه الکترونیکی مونتاژ ماشینی شده SBM 206 F1K | F42: =VLOOKUP(D42,Table1[],3,0) -> SBM | G42: =VLOOKUP(D42,Table1[],4,0) -> SBM | H42: =VLOOKUP(D42,Table1[],5,0) -> SBM | I42: =VLOOKUP(D42,Table1[],6,0) -> Nodes | J42: - | K42: SS-10 | L42: عدم اتصال پایه به پد | M42: 1 | N42: 0 | O42: ELE | P42: بازکاری | Q42: تجهیرات و ماشین آلات | R42: 1110506 | S42: IC BTS7030-2EPA | T42: UO5 | U42: - | V42: - | W42: - | X42: MLSMD-09-01/Chip Mounter- SM482+ | Y42: - | Z42: - | AA42: - | AB42: - | AC42: بالا بودن پایه | AD42: - | AE42: 0 | AF42: 0 | AG42: 0 | AH42: 0 | AI42: 1 | AJ42: 2 | AK42: 44000 | AL42: IC | AM42: 0 | AN42: 0 | AO42: - | AP42: - | AQ42: - | AR42: - | AS42: - | AT42: - | AU42: فرآیندی | AV42: کنترل ماشینی | AW42: - | AX42: - | AY42: کنترل ماشینی | AZ42: 14000 | BA42: 12000 | BB42: - | BC42: - | BD42: - | BE42: - | BF42: - | BG42: - | BH42: سامسونگ 1 | BI42: - | BJ42: - | BK42: - | BL42: - | BM42: 0 | BN42: - | BO42: 14000 | BP42: 12000
A43: 1405/05/07 | B43: - | C43: - | D43: 1201634 | E43: جعبه الکترونیکی مونتاژ ماشینی شده SBM 206 F1K | F43: =VLOOKUP(D43,Table1[],3,0) -> SBM | G43: =VLOOKUP(D43,Table1[],4,0) -> SBM | H43: =VLOOKUP(D43,Table1[],5,0) -> SBM | I43: =VLOOKUP(D43,Table1[],6,0) -> Nodes | J43: - | K43: SI-05 | L43: شیفت قطعه | M43: 2 | N43: 0 | O43: ELE | P43: بازکاری | Q43: تجهیرات و ماشین آلات | R43: 1110628 | S43: Transistor PUMD3 | T43: UO3 | U43: - | V43: - | W43: - | X43: MLSMD-09-01/Chip Mounter- SM482+ | Y43: - | Z43: - | AA43: - | AB43: - | AC43: شیفت قطعه | AD43: - | AE43: 0 | AF43: 0 | AG43: 0 | AH43: 0 | AI43: 1 | AJ43: 2 | AK43: 44000 | AL43: ترانزیستور | AM43: 0 | AN43: 0 | AO43: - | AP43: - | AQ43: - | AR43: - | AS43: - | AT43: - | AU43: فرآیندی | AV43: کنترل ماشینی | AW43: - | AX43: - | AY43: کنترل ماشینی | AZ43: 14000 | BA43: 12000 | BB43: - | BC43: - | BD43: - | BE43: - | BF43: - | BG43: - | BH43: سامسونگ 1 | BI43: - | BJ43: - | BK43: - | BL43: - | BM43: 0 | BN43: - | BO43: 14000 | BP43: 12000
A44: 1405/05/06 | B44: - | C44: - | D44: 1200932 | E44: جلوآمپر مونتاژ شده ICN SOREN یکسان سازی | F44: =VLOOKUP(D44,Table1[],3,0) -> ICN1 SOREN | G44: =VLOOKUP(D44,Table1[],4,0) -> ICN1 SOREN | H44: =VLOOKUP(D44,Table1[],5,0) -> ICN1 SOREN | I44: =VLOOKUP(D44,Table1[],6,0) -> Cluster Instrument | J44: - | K44: SI-01 | L44: نبود قطعه | M44: 2 | N44: 0 | O44: ELE | P44: تعمیر | Q44: تجهیرات و ماشین آلات | R44: 1110702 | S44: resistor 10K,1%,1/10W | T44: R3 | U44: - | V44: - | W44: - | X44: MLSMD3-04-01/Chip Mounter- MIRAE07 | Y44: - | Z44: - | AA44: - | AB44: - | AC44: نبود قطعه | AD44: - | AE44: 0 | AF44: 0 | AG44: 0 | AH44: 0 | AI44: 3 | AJ44: 2 | AK44: 44000 | AL44: مقاومت | AM44: 0 | AN44: 0 | AO44: - | AP44: - | AQ44: - | AR44: - | AS44: - | AT44: - | AU44: فرآیندی | AV44: کنترل ماشینی | AW44: - | AX44: - | AY44: کنترل ماشینی | AZ44: 14000 | BA44: 12000 | BB44: - | BC44: - | BD44: - | BE44: - | BF44: - | BG44: - | BH44: ماشین میرایی | BI44: - | BJ44: - | BK44: - | BL44: - | BM44: 0 | BN44: - | BO44: 14000 | BP44: 12000
A45: 1405/05/06 | B45: - | C45: - | D45: 1200932 | E45: جلوآمپر مونتاژ شده ICN SOREN یکسان سازی | F45: =VLOOKUP(D45,Table1[],3,0) -> ICN1 SOREN | G45: =VLOOKUP(D45,Table1[],4,0) -> ICN1 SOREN | H45: =VLOOKUP(D45,Table1[],5,0) -> ICN1 SOREN | I45: =VLOOKUP(D45,Table1[],6,0) -> Cluster Instrument | J45: - | K45: SI-01 | L45: نبود قطعه | M45: 2 | N45: 0 | O45: ELE | P45: تعمیر | Q45: تجهیرات و ماشین آلات | R45: 1110702 | S45: resistor 10K,1%,1/10W | T45: R3 | U45: - | V45: - | W45: - | X45: MLSMD3-04-01/Chip Mounter- MIRAE07 | Y45: - | Z45: - | AA45: - | AB45: - | AC45: نبود قطعه | AD45: - | AE45: 0 | AF45: 0 | AG45: 0 | AH45: 0 | AI45: 3 | AJ45: 2 | AK45: 44000 | AL45: مقاومت | AM45: 0 | AN45: 0 | AO45: - | AP45: - | AQ45: - | AR45: - | AS45: - | AT45: - | AU45: فرآیندی | AV45: کنترل ماشینی | AW45: - | AX45: - | AY45: کنترل ماشینی | AZ45: 14000 | BA45: 12000 | BB45: - | BC45: - | BD45: - | BE45: - | BF45: - | BG45: - | BH45: ماشین میرایی | BI45: - | BJ45: - | BK45: - | BL45: - | BM45: 0 | BN45: - | BO45: 14000 | BP45: 12000
A46: 1405/05/06 | B46: - | C46: - | D46: 1200932 | E46: جلوآمپر مونتاژ شده ICN SOREN یکسان سازی | F46: =VLOOKUP(D46,Table1[],3,0) -> ICN1 SOREN | G46: =VLOOKUP(D46,Table1[],4,0) -> ICN1 SOREN | H46: =VLOOKUP(D46,Table1[],5,0) -> ICN1 SOREN | I46: =VLOOKUP(D46,Table1[],6,0) -> Cluster Instrument | J46: - | K46: SI-04 | L46: قطعه شکسته و معیوب | M46: 1 | N46: 0 | O46: ELE | P46: تعمیر | Q46: تجهیرات و ماشین آلات | R46: 1110903 | S46: Diode 1N4007 | T46: D3 | U46: - | V46: - | W46: - | X46: MLSMD3-04-01/Chip Mounter- MIRAE07 | Y46: - | Z46: - | AA46: - | AB46: - | AC46: قطعه شکسته | AD46: - | AE46: 0 | AF46: 0 | AG46: 0 | AH46: 0 | AI46: 3 | AJ46: 1 | AK46: 44000 | AL46: دیود | AM46: 0 | AN46: 0 | AO46: - | AP46: - | AQ46: - | AR46: - | AS46: - | AT46: - | AU46: فرآیندی | AV46: کنترل ماشینی | AW46: - | AX46: - | AY46: کنترل ماشینی | AZ46: 14000 | BA46: 12000 | BB46: - | BC46: - | BD46: - | BE46: - | BF46: - | BG46: - | BH46: ماشین میرایی | BI46: - | BJ46: - | BK46: - | BL46: - | BM46: 0 | BN46: - | BO46: 14000 | BP46: 12000
... A339: 1405/05/29 | B339: - | C339: - | D339: 1202151 | E339: کلید شیشه بالابر جلو چپ مونتاژ ماشینی شده CKD DRIVER SBCM | F339: =VLOOKUP(D339,Table1[],3,0) -> SOREN-FR-LH SOREN | G339: =VLOOKUP(D339,Table1[],4,0) -> Switch | H339: =VLOOKUP(D339,Table1[],5,0) -> Switch | I339: =VLOOKUP(D339,Table1[],6,0) -> Switch | J339: - | K339: - | L339: - | M339: 0 | N339: 1338 | O339: ELE | P339: - | Q339: - | R339: - | S339: - | T339: - | U339: - | V339: - | W339: - | X339: - | Y339: - | Z339: - | AA339: - | AB339: - | AC339: - | AD339: - | AE339: 0 | AF339: 0 | AG339: 0 | AH339: 0 | AI339: 0 | AJ339: 0 | AK339: 0 | AL339: - | AM339: 0 | AN339: 0 | AO339: - | AP339: - | AQ339: - | AR339: - | AS339: - | AT339: - | AU339: فرآیندی | AV339: کنترل ماشینی | AW339: - | AX339: - | AY339: کنترل ماشینی | AZ339: 14000 | BA339: 12000 | BB339: - | BC339: - | BD339: - | BE339: - | BF339: - | BG339: - | BH339: سامسونگ 2 | BI339: - | BJ339: - | BK339: - | BL339: - | BM339: 0 | BN339: - | BO339: 14000 | BP339: 12000

Sheet FULTELE
A1: تاریخ | B1: شیفت کاری | C1: کد گروه محصول | D1: کد محصول | E1: نام محصول | F1: خانواده محصول | G1: نام محصول ترکیبی | H1: گروه محصول نهایی | I1: ایستگاه | J1: کد ایراد | K1: شرح ایراد | L1: تعداد ایراد | M1: تعداد کل | N1: برنچ | O1: شرح فعالیت انجام شده توسط تعمیرات | P1: عامل مسبب ایراد 6M | Q1: کد قطعه | R1: نام قطعه | S1: نام تامین کننده | T1: کد و نام تجهیزات و ابزارآلات | U1: کد تجهیزات و ابزارآلات | V1: کد و نام تجهیزات و ابزارآلات1 | W1: کد فرآیند (OPC) | X1: نام فرآیند (OPC) | Y1: حالت خرابی بالقوه | Z1: نوع حالت خرابی بالقوه | AA1: توضیحات تعمیرات | AB1: ستون مشترک حالت خرابی | AC1: شدت حالت خرابی | AD1: تشخیص حالت خرابی | AE1: وقوع قدیمی | AF1: مدت زمان عیب یابی ( دقیقه ) | AG1: مدت زمان رفع عیب ( دقیقه ) | AH1: مدت زمان تست مجدد ( دقیقه ) | AI1: هزینه ریالی تعمیرات | AJ1: خانواده قطعات | AK1: شماره BOM | AL1: شماره برگ ارسال | AM1: کد اپراتور | AN1: نام اپراتور | AO1: کد بازرس چشمی | AP1: نام بازرس | AQ1: AOI | AR1: نام بازرس AOI | AS1: نوع قطعات تولیدی و تامینی | AT1: وضعیت اعلام ایرادات | AU1: توضیحات اضافه | AV1: توضیحات | AW1: Control Station | AX1: حد قابل قبول | AY1: هدف | AZ1: علت افت یا بهبود PPM | BA1: حد قابل قبول عظام | BB1: هدف عظام
A2: 1405/05/01 | B2: شیفت صبح (12 ساعته) | C2: 1211634 | D2: جعبه الکترونیکی مونتاژ و لحیم شده SBM 206 F1K | E2: =VLOOKUP(C2,Table1[],3,0) -> SBM | F2: =VLOOKUP(C2,Table1[],4,0) -> SBM | G2: =VLOOKUP(C2,Table1[],5,0) -> SBM | H2: =VLOOKUP(C2,Table1[],6,0) -> Nodes | I2: وان قلع | J2: TS-08 | K2: اتصال کوتاه و تار عنکبوتی | L2: 30 | M2: 0 | N2: ELE | O2: - | P2: - | Q2: - | R2: - | S2: - | T2: - | U2: - | V2: - | W2: - | X2: - | Y2: - | Z2: - | AA2: - | AB2: - | AC2: 0 | AD2: 0 | AE2: 0 | AF2: 0 | AG2: 0 | AH2: 0 | AI2: 44000 | AJ2: - | AK2: - | AL2: - | AM2: - | AN2: - | AO2: - | AP2: - | AQ2: - | AR2: - | AS2: فرآیندی | AT2: - | AU2: - | AV2: - | AW2: - | AX2: 14000 | AY2: 12000 | AZ2: - | BA2: 14000 | BB2: 12000
A3: 1405/05/03 | B3: شیفت صبح (12 ساعته) | C3: 1211634 | D3: جعبه الکترونیکی مونتاژ و لحیم شده SBM 206 F1K | E3: =VLOOKUP(C3,Table1[],3,0) -> SBM | F3: =VLOOKUP(C3,Table1[],4,0) -> SBM | G3: =VLOOKUP(C3,Table1[],5,0) -> SBM | H3: =VLOOKUP(C3,Table1[],6,0) -> Nodes | I3: وان قلع | J3: TS-08 | K3: اتصال کوتاه و تار عنکبوتی | L3: 60 | M3: 0 | N3: ELE | O3: - | P3: - | Q3: - | R3: - | S3: - | T3: - | U3: - | V3: - | W3: - | X3: - | Y3: - | Z3: - | AA3: - | AB3: - | AC3: 0 | AD3: 0 | AE3: 0 | AF3: 0 | AG3: 0 | AH3: 0 | AI3: 44000 | AJ3: - | AK3: - | AL3: - | AM3: - | AN3: - | AO3: - | AP3: - | AQ3: - | AR3: - | AS3: فرآیندی | AT3: - | AU3: - | AV3: - | AW3: - | AX3: 14000 | AY3: 12000 | AZ3: - | BA3: 14000 | BB3: 12000
A4: 1405/05/04 | B4: شیفت صبح (12 ساعته) | C4: 1211634 | D4: جعبه الکترونیکی مونتاژ و لحیم شده SBM 206 F1K | E4: =VLOOKUP(C4,Table1[],3,0) -> SBM | F4: =VLOOKUP(C4,Table1[],4,0) -> SBM | G4: =VLOOKUP(C4,Table1[],5,0) -> SBM | H4: =VLOOKUP(C4,Table1[],6,0) -> Nodes | I4: وان قلع | J4: TS-08 | K4: اتصال کوتاه و تار عنکبوتی | L4: 10 | M4: 0 | N4: ELE | O4: - | P4: - | Q4: - | R4: - | S4: - | T4: - | U4: - | V4: - | W4: - | X4: - | Y4: - | Z4: - | AA4: - | AB4: - | AC4: 0 | AD4: 0 | AE4: 0 | AF4: 0 | AG4: 0 | AH4: 0 | AI4: 44000 | AJ4: - | AK4: - | AL4: - | AM4: - | AN4: - | AO4: - | AP4: - | AQ4: - | AR4: - | AS4: فرآیندی | AT4: - | AU4: - | AV4: - | AW4: - | AX4: 14000 | AY4: 12000 | AZ4: - | BA4: 14000 | BB4: 12000
A5: 1405/05/04 | B5: شیفت صبح (12 ساعته) | C5: 1211634 | D5: جعبه الکترونیکی مونتاژ و لحیم شده SBM 206 F1K | E5: =VLOOKUP(C5,Table1[],3,0) -> SBM | F5: =VLOOKUP(C5,Table1[],4,0) -> SBM | G5: =VLOOKUP(C5,Table1[],5,0) -> SBM | H5: =VLOOKUP(C5,Table1[],6,0) -> Nodes | I5: وان قلع | J5: TS-08 | K5: اتصال کوتاه و تار عنکبوتی | L5: 10 | M5: 0 | N5: ELE | O5: - | P5: - | Q5: - | R5: - | S5: - | T5: - | U5: - | V5: - | W5: - | X5: - | Y5: - | Z5: - | AA5: - | AB5: - | AC5: 0 | AD5: 0 | AE5: 0 | AF5: 0 | AG5: 0 | AH5: 0 | AI5: 44000 | AJ5: - | AK5: - | AL5: - | AM5: - | AN5: - | AO5: - | AP5: - | AQ5: - | AR5: - | AS5: فرآیندی | AT5: - | AU5: - | AV5: - | AW5: - | AX5: 14000 | AY5: 12000 | AZ5: - | BA5: 14000 | BB5: 12000
A6: 1405/05/05 | B6: شیفت صبح (12 ساعته) | C6: 1211634 | D6: جعبه الکترونیکی مونتاژ و لحیم شده SBM 206 F1K | E6: =VLOOKUP(C6,Table1[],3,0) -> SBM | F6: =VLOOKUP(C6,Table1[],4,0) -> SBM | G6: =VLOOKUP(C6,Table1[],5,0) -> SBM | H6: =VLOOKUP(C6,Table1[],6,0) -> Nodes | I6: وان قلع | J6: TS-08 | K6: اتصال کوتاه و تار عنکبوتی | L6: 25 | M6: 0 | N6: ELE | O6: - | P6: - | Q6: - | R6: - | S6: - | T6: - | U6: - | V6: - | W6: - | X6: - | Y6: - | Z6: - | AA6: - | AB6: - | AC6: 0 | AD6: 0 | AE6: 0 | AF6: 0 | AG6: 0 | AH6: 0 | AI6: 44000 | AJ6: - | AK6: - | AL6: - | AM6: - | AN6: - | AO6: - | AP6: - | AQ6: - | AR6: - | AS6: فرآیندی | AT6: - | AU6: - | AV6: - | AW6: - | AX6: 14000 | AY6: 12000 | AZ6: - | BA6: 14000 | BB6: 12000
A7: 1405/05/05 | B7: شیفت شب (12ساعته) | C7: 1211653 | D7: جعبه الکترونیکی مونتاژ و لحیم شده (SBMi_P207_SOREN_ARISUN) | E7: =VLOOKUP(C7,Table1[],3,0) -> BCMI | F7: =VLOOKUP(C7,Table1[],4,0) -> BCMI | G7: =VLOOKUP(C7,Table1[],5,0) -> BCMI | H7: =VLOOKUP(C7,Table1[],6,0) -> Nodes | I7: وان قلع | J7: TS-08 | K7: اتصال کوتاه و تار عنکبوتی | L7: 7 | M7: 0 | N7: ELE | O7: - | P7: - | Q7: - | R7: - | S7: - | T7: - | U7: - | V7: - | W7: - | X7: - | Y7: - | Z7: - | AA7: - | AB7: - | AC7: 0 | AD7: 0 | AE7: 0 | AF7: 0 | AG7: 0 | AH7: 0 | AI7: 44000 | AJ7: - | AK7: - | AL7: - | AM7: - | AN7: - | AO7: - | AP7: - | AQ7: - | AR7: - | AS7: فرآیندی | AT7: - | AU7: - | AV7: - | AW7: - | AX7: 14000 | AY7: 12000 | AZ7: - | BA7: 14000 | BB7: 12000
A8: 1405/05/07 | B8: شیفت صبح (12 ساعته) | C8: 1211634 | D8: جعبه الکترونیکی مونتاژ و لحیم شده SBM 206 F1K | E8: =VLOOKUP(C8,Table1[],3,0) -> SBM | F8: =VLOOKUP(C8,Table1[],4,0) -> SBM | G8: =VLOOKUP(C8,Table1[],5,0) -> SBM | H8: =VLOOKUP(C8,Table1[],6,0) -> Nodes | I8: وان قلع | J8: TS-08 | K8: اتصال کوتاه و تار عنکبوتی | L8: 6 | M8: 0 | N8: ELE | O8: - | P8: - | Q8: - | R8: - | S8: - | T8: - | U8: - | V8: - | W8: - | X8: - | Y8: - | Z8: - | AA8: - | AB8: - | AC8: 0 | AD8: 0 | AE8: 0 | AF8: 0 | AG8: 0 | AH8: 0 | AI8: 44000 | AJ8: - | AK8: - | AL8: - | AM8: - | AN8: - | AO8: - | AP8: - | AQ8: - | AR8: - | AS8: فرآیندی | AT8: - | AU8: - | AV8: - | AW8: - | AX8: 14000 | AY8: 12000 | AZ8: - | BA8: 14000 | BB8: 12000
A9: 1405/05/07 | B9: شیفت شب (12ساعته) | C9: 1211653 | D9: جعبه الکترونیکی مونتاژ و لحیم شده (SBMi_P207_SOREN_ARISUN) | E9: =VLOOKUP(C9,Table1[],3,0) -> BCMI | F9: =VLOOKUP(C9,Table1[],4,0) -> BCMI | G9: =VLOOKUP(C9,Table1[],5,0) -> BCMI | H9: =VLOOKUP(C9,Table1[],6,0) -> Nodes | I9: وان قلع | J9: TS-08 | K9: اتصال کوتاه و تار عنکبوتی | L9: 7 | M9: 0 | N9: ELE | O9: - | P9: - | Q9: - | R9: - | S9: - | T9: - | U9: - | V9: - | W9: - | X9: - | Y9: - | Z9: - | AA9: - | AB9: - | AC9: 0 | AD9: 0 | AE9: 0 | AF9: 0 | AG9: 0 | AH9: 0 | AI9: 44000 | AJ9: - | AK9: - | AL9: - | AM9: - | AN9: - | AO9: - | AP9: - | AQ9: - | AR9: - | AS9: فرآیندی | AT9: - | AU9: - | AV9: - | AW9: - | AX9: 14000 | AY9: 12000 | AZ9: - | BA9: 14000 | BB9: 12000
A10: 1405/05/07 | B10: شیفت صبح (12 ساعته) | C10: 1211653 | D10: جعبه الکترونیکی مونتاژ و لحیم شده (SBMi_P207_SOREN_ARISUN) | E10: =VLOOKUP(C10,Table1[],3,0) -> BCMI | F10: =VLOOKUP(C10,Table1[],4,0) -> BCMI | G10: =VLOOKUP(C10,Table1[],5,0) -> BCMI | H10: =VLOOKUP(C10,Table1[],6,0) -> Nodes | I10: وان قلع | J10: TS-08 | K10: اتصال کوتاه و تار عنکبوتی | L10: 7 | M10: 0 | N10: ELE | O10: - | P10: - | Q10: - | R10: - | S10: - | T10: - | U10: - | V10: - | W10: - | X10: - | Y10: - | Z10: - | AA10: - | AB10: - | AC10: 0 | AD10: 0 | AE10: 0 | AF10: 0 | AG10: 0 | AH10: 0 | AI10: 44000 | AJ10: - | AK10: - | AL10: - | AM10: - | AN10: - | AO10: - | AP10: - | AQ10: - | AR10: - | AS10: فرآیندی | AT10: - | AU10: - | AV10: - | AW10: - | AX10: 14000 | AY10: 12000 | AZ10: - | BA10: 14000 | BB10: 12000
A11: 1405/05/07 | B11: شیفت صبح (12 ساعته) | C11: 1211634 | D11: جعبه الکترونیکی مونتاژ و لحیم شده SBM 206 F1K | E11: =VLOOKUP(C11,Table1[],3,0) -> SBM | F11: =VLOOKUP(C11,Table1[],4,0) -> SBM | G11: =VLOOKUP(C11,Table1[],5,0) -> SBM | H11: =VLOOKUP(C11,Table1[],6,0) -> Nodes | I11: وان قلع | J11: TS-08 | K11: اتصال کوتاه و تار عنکبوتی | L11: 15 | M11: 0 | N11: ELE | O11: - | P11: - | Q11: - | R11: - | S11: - | T11: - | U11: - | V11: - | W11: - | X11: - | Y11: - | Z11: - | AA11: - | AB11: - | AC11: 0 | AD11: 0 | AE11: 0 | AF11: 0 | AG11: 0 | AH11: 0 | AI11: 44000 | AJ11: - | AK11: - | AL11: - | AM11: - | AN11: - | AO11: - | AP11: - | AQ11: - | AR11: - | AS11: فرآیندی | AT11: - | AU11: - | AV11: - | AW11: - | AX11: 14000 | AY11: 12000 | AZ11: - | BA11: 14000 | BB11: 12000
A12: 1405/05/08 | B12: شیفت صبح (12 ساعته) | C12: 1211653 | D12: جعبه الکترونیکی مونتاژ و لحیم شده (SBMi_P207_SOREN_ARISUN) | E12: =VLOOKUP(C12,Table1[],3,0) -> BCMI | F12: =VLOOKUP(C12,Table1[],4,0) -> BCMI | G12: =VLOOKUP(C12,Table1[],5,0) -> BCMI | H12: =VLOOKUP(C12,Table1[],6,0) -> Nodes | I12: وان قلع | J12: TS-08 | K12: اتصال کوتاه و تار عنکبوتی | L12: 15 | M12: 0 | N12: ELE | O12: - | P12: - | Q12: - | R12: - | S12: - | T12: - | U12: - | V12: - | W12: - | X12: - | Y12: - | Z12: - | AA12: - | AB12: - | AC12: 0 | AD12: 0 | AE12: 0 | AF12: 0 | AG12: 0 | AH12: 0 | AI12: 44000 | AJ12: - | AK12: - | AL12: - | AM12: - | AN12: - | AO12: - | AP12: - | AQ12: - | AR12: - | AS12: فرآیندی | AT12: - | AU12: - | AV12: - | AW12: - | AX12: 14000 | AY12: 12000 | AZ12: - | BA12: 14000 | BB12: 12000
A13: 1405/05/10 | B13: شیفت صبح (12 ساعته) | C13: 1211634 | D13: جعبه الکترونیکی مونتاژ و لحیم شده SBM 206 F1K | E13: =VLOOKUP(C13,Table1[],3,0) -> SBM | F13: =VLOOKUP(C13,Table1[],4,0) -> SBM | G13: =VLOOKUP(C13,Table1[],5,0) -> SBM | H13: =VLOOKUP(C13,Table1[],6,0) -> Nodes | I13: وان قلع | J13: TS-08 | K13: اتصال کوتاه و تار عنکبوتی | L13: 20 | M13: 0 | N13: ELE | O13: - | P13: - | Q13: - | R13: - | S13: - | T13: - | U13: - | V13: - | W13: - | X13: - | Y13: - | Z13: - | AA13: - | AB13: - | AC13: 0 | AD13: 0 | AE13: 0 | AF13: 0 | AG13: 0 | AH13: 0 | AI13: 44000 | AJ13: - | AK13: - | AL13: - | AM13: - | AN13: - | AO13: - | AP13: - | AQ13: - | AR13: - | AS13: فرآیندی | AT13: - | AU13: - | AV13: - | AW13: - | AX13: 14000 | AY13: 12000 | AZ13: - | BA13: 14000 | BB13: 12000
... A27: 1405/05/28 | B27: شیفت صبح (12 ساعته) | C27: 1211653 | D27: جعبه الکترونیکی مونتاژ و لحیم شده (SBMi_P207_SOREN_ARISUN) | E27: =VLOOKUP(C27,Table1[],3,0) -> BCMI | F27: =VLOOKUP(C27,Table1[],4,0) -> BCMI | G27: =VLOOKUP(C27,Table1[],5,0) -> BCMI | H27: =VLOOKUP(C27,Table1[],6,0) -> Nodes | I27: وان قلع | J27: TS-08 | K27: اتصال کوتاه و تار عنکبوتی | L27: 10 | M27: 0 | N27: ELE | O27: - | P27: - | Q27: - | R27: - | S27: - | T27: - | U27: - | V27: - | W27: - | X27: - | Y27: - | Z27: - | AA27: - | AB27: - | AC27: 0 | AD27: 0 | AE27: 0 | AF27: 0 | AG27: 0 | AH27: 0 | AI27: 44000 | AJ27: - | AK27: - | AL27: - | AM27: - | AN27: - | AO27: - | AP27: - | AQ27: - | AR27: - | AS27: فرآیندی | AT27: - | AU27: - | AV27: - | AW27: - | AX27: 14000 | AY27: 12000 | AZ27: - | BA27: 14000 | BB27: 12000
A28: 1405/05/06 | B28: عادی | C28: 1210932 | D28: جلوآمپر مونتاژ و لحیم شده ICN SOREN یکسان سازی | E28: =VLOOKUP(C28,'Sheet1 (2)'!$A$2:$G$357,3,0) -> ICN1 SOREN | F28: =VLOOKUP(C28,'Sheet1 (2)'!$A$2:$G$357,4,0) -> ICN1 SOREN | G28: =VLOOKUP(C28,'Sheet1 (2)'!$A$2:$G$357,5,0) -> ICN1 SOREN | H28: =VLOOKUP(C28,'Sheet1 (2)'!$A$2:$G$357,6,0) -> Cluster Instrument | I28: قطعه گذاری و لحیم کاری قطعات | J28: PD-23 | K28: عدم فیکس شدن کانکتورLCD | L28: 1 | M28: 0 | N28: ELE | O28: - | P28: - | Q28: - | R28: - | S28: - | T28: - | U28: - | V28: - | W28: - | X28: - | Y28: - | Z28: - | AA28: - | AB28: - | AC28: 0 | AD28: 0 | AE28: 0 | AF28: 0 | AG28: 0 | AH28: 0 | AI28: 44000 | AJ28: - | AK28: - | AL28: - | AM28: - | AN28: - | AO28: - | AP28: - | AQ28: - | AR28: - | AS28: فرآیندی | AT28: - | AU28: - | AV28: - | AW28: - | AX28: 14000 | AY28: 12000 | AZ28: - | BA28: 14000 | BB28: 12000
A29: 1405/05/06 | B29: عادی | C29: 1210932 | D29: جلوآمپر مونتاژ و لحیم شده ICN SOREN یکسان سازی | E29: =VLOOKUP(C29,'Sheet1 (2)'!$A$2:$G$357,3,0) -> ICN1 SOREN | F29: =VLOOKUP(C29,'Sheet1 (2)'!$A$2:$G$357,4,0) -> ICN1 SOREN | G29: =VLOOKUP(C29,'Sheet1 (2)'!$A$2:$G$357,5,0) -> ICN1 SOREN | H29: =VLOOKUP(C29,'Sheet1 (2)'!$A$2:$G$357,6,0) -> Cluster Instrument | I29: قطعه گذاری و لحیم کاری قطعات | J29: IP-263 | K29: کج بودن پایه های کانکتورTHT | L29: 2 | M29: 0 | N29: ELE | O29: - | P29: - | Q29: - | R29: - | S29: - | T29: - | U29: - | V29: - | W29: - | X29: - | Y29: - | Z29: - | AA29: - | AB29: - | AC29: 0 | AD29: 0 | AE29: 0 | AF29: 0 | AG29: 0 | AH29: 0 | AI29: 44000 | AJ29: - | AK29: - | AL29: - | AM29: - | AN29: - | AO29: - | AP29: - | AQ29: - | AR29: - | AS29: فرآیندی | AT29: - | AU29: - | AV29: - | AW29: - | AX29: 14000 | AY29: 12000 | AZ29: - | BA29: 14000 | BB29: 12000
A30: 1405/05/08 | B30: عادی | C30: 1210932 | D30: جلوآمپر مونتاژ و لحیم شده ICN SOREN یکسان سازی | E30: =VLOOKUP(C30,'Sheet1 (2)'!$A$2:$G$357,3,0) -> ICN1 SOREN | F30: =VLOOKUP(C30,'Sheet1 (2)'!$A$2:$G$357,4,0) -> ICN1 SOREN | G30: =VLOOKUP(C30,'Sheet1 (2)'!$A$2:$G$357,5,0) -> ICN1 SOREN | H30: =VLOOKUP(C30,'Sheet1 (2)'!$A$2:$G$357,6,0) -> Cluster Instrument | I30: قطعه گذاری و لحیم کاری قطعات | J30: PD-24 | K30: افتادگی پین کانکتور | L30: 1 | M30: 0 | N30: ELE | O30: - | P30: - | Q30: - | R30: - | S30: - | T30: - | U30: - | V30: - | W30: - | X30: - | Y30: - | Z30: - | AA30: - | AB30: - | AC30: 0 | AD30: 0 | AE30: 0 | AF30: 0 | AG30: 0 | AH30: 0 | AI30: 44000 | AJ30: - | AK30: - | AL30: - | AM30: - | AN30: - | AO30: - | AP30: - | AQ30: - | AR30: - | AS30: فرآیندی | AT30: - | AU30: - | AV30: - | AW30: - | AX30: 14000 | AY30: 12000 | AZ30: - | BA30: 14000 | BB30: 12000
A31: 1405/05/29 | B31: شیفت صبح (12 ساعته) | C31: 1211634 | D31: جعبه الکترونیکی مونتاژ و لحیم شده SBM 206 F1K | E31: =VLOOKUP(C31,Table1[],3,0) -> SBM | F31: =VLOOKUP(C31,Table1[],4,0) -> SBM | G31: =VLOOKUP(C31,Table1[],5,0) -> SBM | H31: =VLOOKUP(C31,Table1[],6,0) -> Nodes | I31: وان قلع | J31: TS-08 | K31: اتصال کوتاه و تار عنکبوتی | L31: 20 | M31: 0 | N31: ELE | O31: - | P31: - | Q31: - | R31: - | S31: - | T31: - | U31: - | V31: - | W31: - | X31: - | Y31: - | Z31: - | AA31: - | AB31: - | AC31: 0 | AD31: 0 | AE31: 0 | AF31: 0 | AG31: 0 | AH31: 0 | AI31: 44000 | AJ31: - | AK31: - | AL31: - | AM31: - | AN31: - | AO31: - | AP31: - | AQ31: - | AR31: - | AS31: فرآیندی | AT31: - | AU31: - | AV31: - | AW31: - | AX31: 14000 | AY31: 12000 | AZ31: - | BA31: 14000 | BB31: 12000
A32: 1405/05/29 | B32: شیفت صبح (12 ساعته) | C32: 1211653 | D32: جعبه الکترونیکی مونتاژ و لحیم شده (SBMi_P207_SOREN_ARISUN) | E32: =VLOOKUP(C32,Table1[],3,0) -> BCMI | F32: =VLOOKUP(C32,Table1[],4,0) -> BCMI | G32: =VLOOKUP(C32,Table1[],5,0) -> BCMI | H32: =VLOOKUP(C32,Table1[],6,0) -> Nodes | I32: وان قلع | J32: TS-08 | K32: اتصال کوتاه و تار عنکبوتی | L32: 10 | M32: 0 | N32: ELE | O32: - | P32: - | Q32: - | R32: - | S32: - | T32: - | U32: - | V32: - | W32: - | X32: - | Y32: - | Z32: - | AA32: - | AB32: - | AC32: 0 | AD32: 0 | AE32: 0 | AF32: 0 | AG32: 0 | AH32: 0 | AI32: 44000 | AJ32: - | AK32: - | AL32: - | AM32: - | AN32: - | AO32: - | AP32: - | AQ32: - | AR32: - | AS32: فرآیندی | AT32: - | AU32: - | AV32: - | AW32: - | AX32: 14000 | AY32: 12000 | AZ32: - | BA32: 14000 | BB32: 12000
A33: 1405/05/31 | B33: شیفت صبح (12 ساعته) | C33: 1211634 | D33: جعبه الکترونیکی مونتاژ و لحیم شده SBM 206 F1K | E33: =VLOOKUP(C33,Table1[],3,0) -> SBM | F33: =VLOOKUP(C33,Table1[],4,0) -> SBM | G33: =VLOOKUP(C33,Table1[],5,0) -> SBM | H33: =VLOOKUP(C33,Table1[],6,0) -> Nodes | I33: وان قلع | J33: TS-08 | K33: اتصال کوتاه و تار عنکبوتی | L33: 20 | M33: 0 | N33: ELE | O33: - | P33: - | Q33: - | R33: - | S33: - | T33: - | U33: - | V33: - | W33: - | X33: - | Y33: - | Z33: - | AA33: - | AB33: - | AC33: 0 | AD33: 0 | AE33: 0 | AF33: 0 | AG33: 0 | AH33: 0 | AI33: 44000 | AJ33: - | AK33: - | AL33: - | AM33: - | AN33: - | AO33: - | AP33: - | AQ33: - | AR33: - | AS33: فرآیندی | AT33: - | AU33: - | AV33: - | AW33: - | AX33: 14000 | AY33: 12000 | AZ33: - | BA33: 14000 | BB33: 12000
A34: 1405/05/31 | B34: شیفت صبح (12 ساعته) | C34: 1211653 | D34: جعبه الکترونیکی مونتاژ و لحیم شده (SBMi_P207_SOREN_ARISUN) | E34: =VLOOKUP(C34,Table1[],3,0) -> BCMI | F34: =VLOOKUP(C34,Table1[],4,0) -> BCMI | G34: =VLOOKUP(C34,Table1[],5,0) -> BCMI | H34: =VLOOKUP(C34,Table1[],6,0) -> Nodes | I34: وان قلع | J34: TS-08 | K34: اتصال کوتاه و تار عنکبوتی | L34: 5 | M34: 0 | N34: ELE | O34: - | P34: - | Q34: - | R34: - | S34: - | T34: - | U34: - | V34: - | W34: - | X34: - | Y34: - | Z34: - | AA34: - | AB34: - | AC34: 0 | AD34: 0 | AE34: 0 | AF34: 0 | AG34: 0 | AH34: 0 | AI34: 44000 | AJ34: - | AK34: - | AL34: - | AM34: - | AN34: - | AO34: - | AP34: - | AQ34: - | AR34: - | AS34: فرآیندی | AT34: - | AU34: - | AV34: - | AW34: - | AX34: 14000 | AY34: 12000 | AZ34: - | BA34: 14000 | BB34: 12000
A35: 1405/05/01 | B35: - | C35: 1210932 | D35: جلوآمپر مونتاژ و لحیم شده ICN SOREN یکسان سازی | E35: ICN1 SOREN | F35: ICN1 SOREN | G35: ICN1 SOREN | H35: Cluster Instrument | I35: مونتاژ دستی خطوط جلوآمپر | J35: - | K35: - | L35: 0 | M35: 297 | N35: ELE | O35: - | P35: - | Q35: - | R35: - | S35: - | T35: - | U35: - | V35: - | W35: - | X35: - | Y35: - | Z35: - | AA35: - | AB35: - | AC35: 0 | AD35: 0 | AE35: 0 | AF35: 0 | AG35: 0 | AH35: 0 | AI35: 44000 | AJ35: - | AK35: - | AL35: - | AM35: - | AN35: - | AO35: - | AP35: - | AQ35: - | AR35: - | AS35: فرآیندی | AT35: - | AU35: - | AV35: - | AW35: - | AX35: 14000 | AY35: 12000 | AZ35: - | BA35: 14000 | BB35: 12000
A36: 1405/05/03 | B36: - | C36: 1210932 | D36: جلوآمپر مونتاژ و لحیم شده ICN SOREN یکسان سازی | E36: ICN1 SOREN | F36: ICN1 SOREN | G36: ICN1 SOREN | H36: Cluster Instrument | I36: مونتاژ دستی خطوط جلوآمپر | J36: - | K36: - | L36: 0 | M36: 476 | N36: ELE | O36: - | P36: - | Q36: - | R36: - | S36: - | T36: - | U36: - | V36: - | W36: - | X36: - | Y36: - | Z36: - | AA36: - | AB36: - | AC36: 0 | AD36: 0 | AE36: 0 | AF36: 0 | AG36: 0 | AH36: 0 | AI36: 44000 | AJ36: - | AK36: - | AL36: - | AM36: - | AN36: - | AO36: - | AP36: - | AQ36: - | AR36: - | AS36: فرآیندی | AT36: - | AU36: - | AV36: - | AW36: - | AX36: 14000 | AY36: 12000 | AZ36: - | BA36: 14000 | BB36: 12000
A37: 1405/05/05 | B37: - | C37: 1210932 | D37: جلوآمپر مونتاژ و لحیم شده ICN SOREN یکسان سازی | E37: ICN1 SOREN | F37: ICN1 SOREN | G37: ICN1 SOREN | H37: Cluster Instrument | I37: مونتاژ دستی خطوط جلوآمپر | J37: - | K37: - | L37: 0 | M37: 530 | N37: ELE | O37: - | P37: - | Q37: - | R37: - | S37: - | T37: - | U37: - | V37: - | W37: - | X37: - | Y37: - | Z37: - | AA37: - | AB37: - | AC37: 0 | AD37: 0 | AE37: 0 | AF37: 0 | AG37: 0 | AH37: 0 | AI37: 44000 | AJ37: - | AK37: - | AL37: - | AM37: - | AN37: - | AO37: - | AP37: - | AQ37: - | AR37: - | AS37: فرآیندی | AT37: - | AU37: - | AV37: - | AW37: - | AX37: 14000 | AY37: 12000 | AZ37: - | BA37: 14000 | BB37: 12000
A38: 1405/05/06 | B38: - | C38: 1210932 | D38: جلوآمپر مونتاژ و لحیم شده ICN SOREN یکسان سازی | E38: ICN1 SOREN | F38: ICN1 SOREN | G38: ICN1 SOREN | H38: Cluster Instrument | I38: مونتاژ دستی خطوط جلوآمپر | J38: - | K38: - | L38: 0 | M38: 166 | N38: ELE | O38: - | P38: - | Q38: - | R38: - | S38: - | T38: - | U38: - | V38: - | W38: - | X38: - | Y38: - | Z38: - | AA38: - | AB38: - | AC38: 0 | AD38: 0 | AE38: 0 | AF38: 0 | AG38: 0 | AH38: 0 | AI38: 44000 | AJ38: - | AK38: - | AL38: - | AM38: - | AN38: - | AO38: - | AP38: - | AQ38: - | AR38: - | AS38: فرآیندی | AT38: - | AU38: - | AV38: - | AW38: - | AX38: 14000 | AY38: 12000 | AZ38: - | BA38: 14000 | BB38: 12000
A39: 1405/05/07 | B39: - | C39: 1210932 | D39: جلوآمپر مونتاژ و لحیم شده ICN SOREN یکسان سازی | E39: ICN1 SOREN | F39: ICN1 SOREN | G39: ICN1 SOREN | H39: Cluster Instrument | I39: مونتاژ دستی خطوط جلوآمپر | J39: - | K39: - | L39: 0 | M39: 714 | N39: ELE | O39: - | P39: - | Q39: - | R39: - | S39: - | T39: - | U39: - | V39: - | W39: - | X39: - | Y39: - | Z39: - | AA39: - | AB39: - | AC39: 0 | AD39: 0 | AE39: 0 | AF39: 0 | AG39: 0 | AH39: 0 | AI39: 44000 | AJ39: - | AK39: - | AL39: - | AM39: - | AN39: - | AO39: - | AP39: - | AQ39: - | AR39: - | AS39: فرآیندی | AT39: - | AU39: - | AV39: - | AW39: - | AX39: 14000 | AY39: 12000 | AZ39: - | BA39: 14000 | BB39: 12000
A40: 1405/05/08 | B40: - | C40: 1210932 | D40: جلوآمپر مونتاژ و لحیم شده ICN SOREN یکسان سازی | E40: ICN1 SOREN | F40: ICN1 SOREN | G40: ICN1 SOREN | H40: Cluster Instrument | I40: مونتاژ دستی خطوط جلوآمپر | J40: - | K40: - | L40: 0 | M40: 305 | N40: ELE | O40: - | P40: - | Q40: - | R40: - | S40: - | T40: - | U40: - | V40: - | W40: - | X40: - | Y40: - | Z40: - | AA40: - | AB40: - | AC40: 0 | AD40: 0 | AE40: 0 | AF40: 0 | AG40: 0 | AH40: 0 | AI40: 44000 | AJ40: - | AK40: - | AL40: - | AM40: - | AN40: - | AO40: - | AP40: - | AQ40: - | AR40: - | AS40: فرآیندی | AT40: - | AU40: - | AV40: - | AW40: - | AX40: 14000 | AY40: 12000 | AZ40: - | BA40: 14000 | BB40: 12000
A41: 1405/05/10 | B41: - | C41: 1210932 | D41: جلوآمپر مونتاژ و لحیم شده ICN SOREN یکسان سازی | E41: ICN1 SOREN | F41: ICN1 SOREN | G41: ICN1 SOREN | H41: Cluster Instrument | I41: مونتاژ دستی خطوط جلوآمپر | J41: - | K41: - | L41: 0 | M41: 649 | N41: ELE | O41: - | P41: - | Q41: - | R41: - | S41: - | T41: - | U41: - | V41: - | W41: - | X41: - | Y41: - | Z41: - | AA41: - | AB41: - | AC41: 0 | AD41: 0 | AE41: 0 | AF41: 0 | AG41: 0 | AH41: 0 | AI41: 44000 | AJ41: - | AK41: - | AL41: - | AM41: - | AN41: - | AO41: - | AP41: - | AQ41: - | AR41: - | AS41: فرآیندی | AT41: - | AU41: - | AV41: - | AW41: - | AX41: 14000 | AY41: 12000 | AZ41: - | BA41: 14000 | BB41: 12000
A42: 1405/05/11 | B42: - | C42: 1210932 | D42: جلوآمپر مونتاژ و لحیم شده ICN SOREN یکسان سازی | E42: ICN1 SOREN | F42: ICN1 SOREN | G42: ICN1 SOREN | H42: Cluster Instrument | I42: مونتاژ دستی خطوط جلوآمپر | J42: - | K42: - | L42: 0 | M42: 485 | N42: ELE | O42: - | P42: - | Q42: - | R42: - | S42: - | T42: - | U42: - | V42: - | W42: - | X42: - | Y42: - | Z42: - | AA42: - | AB42: - | AC42: 0 | AD42: 0 | AE42: 0 | AF42: 0 | AG42: 0 | AH42: 0 | AI42: 44000 | AJ42: - | AK42: - | AL42: - | AM42: - | AN42: - | AO42: - | AP42: - | AQ42: - | AR42: - | AS42: فرآیندی | AT42: - | AU42: - | AV42: - | AW42: - | AX42: 14000 | AY42: 12000 | AZ42: - | BA42: 14000 | BB42: 12000
A43: 1405/05/12 | B43: - | C43: 1210932 | D43: جلوآمپر مونتاژ و لحیم شده ICN SOREN یکسان سازی | E43: ICN1 SOREN | F43: ICN1 SOREN | G43: ICN1 SOREN | H43: Cluster Instrument | I43: مونتاژ دستی خطوط جلوآمپر | J43: - | K43: - | L43: 0 | M43: 504 | N43: ELE | O43: - | P43: - | Q43: - | R43: - | S43: - | T43: - | U43: - | V43: - | W43: - | X43: - | Y43: - | Z43: - | AA43: - | AB43: - | AC43: 0 | AD43: 0 | AE43: 0 | AF43: 0 | AG43: 0 | AH43: 0 | AI43: 44000 | AJ43: - | AK43: - | AL43: - | AM43: - | AN43: - | AO43: - | AP43: - | AQ43: - | AR43: - | AS43: فرآیندی | AT43: - | AU43: - | AV43: - | AW43: - | AX43: 14000 | AY43: 12000 | AZ43: - | BA43: 14000 | BB43: 12000
A44: 1405/05/24 | B44: - | C44: 1210932 | D44: جلوآمپر مونتاژ و لحیم شده ICN SOREN یکسان سازی | E44: ICN1 SOREN | F44: ICN1 SOREN | G44: ICN1 SOREN | H44: Cluster Instrument | I44: مونتاژ دستی خطوط جلوآمپر | J44: - | K44: - | L44: 0 | M44: 715 | N44: ELE | O44: - | P44: - | Q44: - | R44: - | S44: - | T44: - | U44: - | V44: - | W44: - | X44: - | Y44: - | Z44: - | AA44: - | AB44: - | AC44: 0 | AD44: 0 | AE44: 0 | AF44: 0 | AG44: 0 | AH44: 0 | AI44: 44000 | AJ44: - | AK44: - | AL44: - | AM44: - | AN44: - | AO44: - | AP44: - | AQ44: - | AR44: - | AS44: فرآیندی | AT44: - | AU44: - | AV44: - | AW44: - | AX44: 14000 | AY44: 12000 | AZ44: - | BA44: 14000 | BB44: 12000
A45: 1405/05/25 | B45: - | C45: 1210932 | D45: جلوآمپر مونتاژ و لحیم شده ICN SOREN یکسان سازی | E45: ICN1 SOREN | F45: ICN1 SOREN | G45: ICN1 SOREN | H45: Cluster Instrument | I45: مونتاژ دستی خطوط جلوآمپر | J45: - | K45: - | L45: 0 | M45: 129 | N45: ELE | O45: - | P45: - | Q45: - | R45: - | S45: - | T45: - | U45: - | V45: - | W45: - | X45: - | Y45: - | Z45: - | AA45: - | AB45: - | AC45: 0 | AD45: 0 | AE45: 0 | AF45: 0 | AG45: 0 | AH45: 0 | AI45: 44000 | AJ45: - | AK45: - | AL45: - | AM45: - | AN45: - | AO45: - | AP45: - | AQ45: - | AR45: - | AS45: فرآیندی | AT45: - | AU45: - | AV45: - | AW45: - | AX45: 14000 | AY45: 12000 | AZ45: - | BA45: 14000 | BB45: 12000
A46: 1405/05/26 | B46: - | C46: 1210932 | D46: جلوآمپر مونتاژ و لحیم شده ICN SOREN یکسان سازی | E46: ICN1 SOREN | F46: ICN1 SOREN | G46: ICN1 SOREN | H46: Cluster Instrument | I46: مونتاژ دستی خطوط جلوآمپر | J46: - | K46: - | L46: 0 | M46: 415 | N46: ELE | O46: - | P46: - | Q46: - | R46: - | S46: - | T46: - | U46: - | V46: - | W46: - | X46: - | Y46: - | Z46: - | AA46: - | AB46: - | AC46: 0 | AD46: 0 | AE46: 0 | AF46: 0 | AG46: 0 | AH46: 0 | AI46: 44000 | AJ46: - | AK46: - | AL46: - | AM46: - | AN46: - | AO46: - | AP46: - | AQ46: - | AR46: - | AS46: فرآیندی | AT46: - | AU46: - | AV46: - | AW46: - | AX46: 14000 | AY46: 12000 | AZ46: - | BA46: 14000 | BB46: 12000
... A214: 1405/05/31 | B214: - | C214: 1212151 | D214: کلید شیشه بالابر جلو چپ مونتاژ و لحیم شده CKD DRIVER SBCM | E214: SOREN-FR-LH SOREN | F214: Switch | G214: Switch | H214: Switch | I214: مونتاژ دستی کلیدها | J214: - | K214: - | L214: 0 | M214: 568 | N214: ELE | O214: - | P214: - | Q214: - | R214: - | S214: - | T214: - | U214: - | V214: - | W214: - | X214: - | Y214: - | Z214: - | AA214: - | AB214: - | AC214: 0 | AD214: 0 | AE214: 0 | AF214: 0 | AG214: 0 | AH214: 0 | AI214: 44000 | AJ214: - | AK214: - | AL214: - | AM214: - | AN214: - | AO214: - | AP214: - | AQ214: - | AR214: - | AS214: فرآیندی | AT214: - | AU214: - | AV214: - | AW214: - | AX214: 14000 | AY214: 12000 | AZ214: - | BA214: 14000 | BB214: 12000
A215: 1405/05/04 | B215: عادی | C215: 1220930 | D215: جلوآمپر تکمیل کاری شده TARA دستی SBR | E215: =VLOOKUP(C215,Table1[],3,0) -> ICN1 TARA | F215: =VLOOKUP(C215,Table1[],4,0) -> ICN1 TARA | G215: =VLOOKUP(C215,Table1[],5,0) -> ICN1 TARA | H215: =VLOOKUP(C215,Table1[],6,0) -> Cluster Instrument | I215: تکمیل کاری جلوآمپر | J215: IP-58 | K215: BEZEL(لک/موج/خش) | L215: 22 | M215: 0 | N215: ELE | O215: - | P215: - | Q215: - | R215: - | S215: - | T215: - | U215: - | V215: - | W215: - | X215: - | Y215: - | Z215: - | AA215: - | AB215: - | AC215: 0 | AD215: 0 | AE215: 0 | AF215: 0 | AG215: 0 | AH215: 0 | AI215: 44000 | AJ215: - | AK215: - | AL215: - | AM215: - | AN215: - | AO215: - | AP215: - | AQ215: - | AR215: - | AS215: فرآیندی | AT215: - | AU215: - | AV215: - | AW215: - | AX215: 14000 | AY215: 12000 | AZ215: - | BA215: 14000 | BB215: 12000
A216: 1405/05/24 | B216: عادی | C216: 1220930 | D216: جلوآمپر تکمیل کاری شده TARA دستی SBR | E216: =VLOOKUP(C216,Table1[],3,0) -> ICN1 TARA | F216: =VLOOKUP(C216,Table1[],4,0) -> ICN1 TARA | G216: =VLOOKUP(C216,Table1[],5,0) -> ICN1 TARA | H216: =VLOOKUP(C216,Table1[],6,0) -> Cluster Instrument | I216: تکمیل کاری جلوآمپر | J216: IP-84 | K216: شکستگی خار | L216: 1 | M216: 0 | N216: ELE | O216: - | P216: - | Q216: - | R216: - | S216: - | T216: - | U216: - | V216: - | W216: - | X216: - | Y216: - | Z216: - | AA216: - | AB216: - | AC216: 0 | AD216: 0 | AE216: 0 | AF216: 0 | AG216: 0 | AH216: 0 | AI216: 44000 | AJ216: - | AK216: - | AL216: - | AM216: - | AN216: - | AO216: - | AP216: - | AQ216: - | AR216: - | AS216: فرآیندی | AT216: - | AU216: - | AV216: - | AW216: - | AX216: 14000 | AY216: 12000 | AZ216: - | BA216: 14000 | BB216: 12000
A217: 1405/05/08 | B217: عادی | C217: 1220932 | D217: جلوآمپر تکمیل کاری شده ICN SOREN یکسان سازی | E217: =VLOOKUP(C217,Table1[],3,0) -> ICN1 SOREN | F217: =VLOOKUP(C217,Table1[],4,0) -> ICN1 SOREN | G217: =VLOOKUP(C217,Table1[],5,0) -> ICN1 SOREN | H217: =VLOOKUP(C217,Table1[],6,0) -> Cluster Instrument | I217: تکمیل کاری جلوآمپر | J217: IP-58 | K217: BEZEL(لک/موج/خش) | L217: 10 | M217: 0 | N217: ELE | O217: - | P217: - | Q217: - | R217: - | S217: - | T217: - | U217: - | V217: - | W217: - | X217: - | Y217: - | Z217: - | AA217: - | AB217: - | AC217: 0 | AD217: 0 | AE217: 0 | AF217: 0 | AG217: 0 | AH217: 0 | AI217: 44000 | AJ217: - | AK217: - | AL217: - | AM217: - | AN217: - | AO217: - | AP217: - | AQ217: - | AR217: - | AS217: فرآیندی | AT217: - | AU217: - | AV217: - | AW217: - | AX217: 14000 | AY217: 12000 | AZ217: - | BA217: 14000 | BB217: 12000
A218: 1405/05/10 | B218: عادی | C218: 1220932 | D218: جلوآمپر تکمیل کاری شده ICN SOREN یکسان سازی | E218: =VLOOKUP(C218,Table1[],3,0) -> ICN1 SOREN | F218: =VLOOKUP(C218,Table1[],4,0) -> ICN1 SOREN | G218: =VLOOKUP(C218,Table1[],5,0) -> ICN1 SOREN | H218: =VLOOKUP(C218,Table1[],6,0) -> Cluster Instrument | I218: تکمیل کاری جلوآمپر | J218: IP-58 | K218: BEZEL(لک/موج/خش) | L218: 10 | M218: 0 | N218: ELE | O218: - | P218: - | Q218: - | R218: - | S218: - | T218: - | U218: - | V218: - | W218: - | X218: - | Y218: - | Z218: - | AA218: - | AB218: - | AC218: 0 | AD218: 0 | AE218: 0 | AF218: 0 | AG218: 0 | AH218: 0 | AI218: 44000 | AJ218: - | AK218: - | AL218: - | AM218: - | AN218: - | AO218: - | AP218: - | AQ218: - | AR218: - | AS218: فرآیندی | AT218: - | AU218: - | AV218: - | AW218: - | AX218: 14000 | AY218: 12000 | AZ218: - | BA218: 14000 | BB218: 12000
A219: 1405/05/03 | C219: 1220505 | D219: نمایشگر دیجیتال تکمیل کاری شده RUNNA RL78 | E219: =VLOOKUP(C219,Table1[],3,0) -> MFD RUNNA | F219: =VLOOKUP(C219,Table1[],4,0) -> MFD | G219: =VLOOKUP(C219,Table1[],5,0) -> MFD | H219: =VLOOKUP(C219,Table1[],6,0) -> Display Unit | I219: تکمیل کاری خط D | J219: - | K219: - | L219: 0 | M219: 144 | N219: ELE | O219: - | P219: - | Q219: - | R219: - | S219: - | T219: - | U219: - | V219: - | W219: - | X219: - | Y219: - | Z219: - | AA219: - | AB219: - | AC219: 0 | AD219: 0 | AE219: 0 | AF219: 0 | AG219: 0 | AH219: 0 | AI219: 44000 | AJ219: - | AK219: - | AL219: - | AM219: - | AN219: - | AO219: - | AP219: - | AQ219: - | AR219: - | AS219: فرآیندی | AT219: - | AU219: - | AV219: - | AW219: - | AX219: 14000 | AY219: 12000 | AZ219: - | BA219: 14000 | BB219: 12000
A220: 1405/05/11 | C220: 1220505 | D220: نمایشگر دیجیتال تکمیل کاری شده RUNNA RL78 | E220: =VLOOKUP(C220,Table1[],3,0) -> MFD RUNNA | F220: =VLOOKUP(C220,Table1[],4,0) -> MFD | G220: =VLOOKUP(C220,Table1[],5,0) -> MFD | H220: =VLOOKUP(C220,Table1[],6,0) -> Display Unit | I220: تکمیل کاری خط D | J220: - | K220: - | L220: 0 | M220: 144 | N220: ELE | O220: - | P220: - | Q220: - | R220: - | S220: - | T220: - | U220: - | V220: - | W220: - | X220: - | Y220: - | Z220: - | AA220: - | AB220: - | AC220: 0 | AD220: 0 | AE220: 0 | AF220: 0 | AG220: 0 | AH220: 0 | AI220: 44000 | AJ220: - | AK220: - | AL220: - | AM220: - | AN220: - | AO220: - | AP220: - | AQ220: - | AR220: - | AS220: فرآیندی | AT220: - | AU220: - | AV220: - | AW220: - | AX220: 14000 | AY220: 12000 | AZ220: - | BA220: 14000 | BB220: 12000
A221: 1405/05/12 | C221: 1220505 | D221: نمایشگر دیجیتال تکمیل کاری شده RUNNA RL78 | E221: =VLOOKUP(C221,Table1[],3,0) -> MFD RUNNA | F221: =VLOOKUP(C221,Table1[],4,0) -> MFD | G221: =VLOOKUP(C221,Table1[],5,0) -> MFD | H221: =VLOOKUP(C221,Table1[],6,0) -> Display Unit | I221: تکمیل کاری خط D | J221: - | K221: - | L221: 0 | M221: 72 | N221: ELE | O221: - | P221: - | Q221: - | R221: - | S221: - | T221: - | U221: - | V221: - | W221: - | X221: - | Y221: - | Z221: - | AA221: - | AB221: - | AC221: 0 | AD221: 0 | AE221: 0 | AF221: 0 | AG221: 0 | AH221: 0 | AI221: 44000 | AJ221: - | AK221: - | AL221: - | AM221: - | AN221: - | AO221: - | AP221: - | AQ221: - | AR221: - | AS221: فرآیندی | AT221: - | AU221: - | AV221: - | AW221: - | AX221: 14000 | AY221: 12000 | AZ221: - | BA221: 14000 | BB221: 12000
A222: 1405/05/05 | C222: 1220927 | D222: جلوآمپر تکمیل کاری شده ICN DENA SBR | E222: =VLOOKUP(C222,Table1[],3,0) -> ICN1 DENA | F222: =VLOOKUP(C222,Table1[],4,0) -> ICN1 DENA | G222: =VLOOKUP(C222,Table1[],5,0) -> ICN1 DENA | H222: =VLOOKUP(C222,Table1[],6,0) -> Cluster Instrument | I222: تکمیل کاری جلوآمپر | J222: - | K222: - | L222: 0 | M222: 414 | N222: ELE | O222: - | P222: - | Q222: - | R222: - | S222: - | T222: - | U222: - | V222: - | W222: - | X222: - | Y222: - | Z222: - | AA222: - | AB222: - | AC222: 0 | AD222: 0 | AE222: 0 | AF222: 0 | AG222: 0 | AH222: 0 | AI222: 44000 | AJ222: - | AK222: - | AL222: - | AM222: - | AN222: - | AO222: - | AP222: - | AQ222: - | AR222: - | AS222: فرآیندی | AT222: - | AU222: - | AV222: - | AW222: - | AX222: 14000 | AY222: 12000 | AZ222: - | BA222: 14000 | BB222: 12000
A223: 1405/05/06 | C223: 1220927 | D223: جلوآمپر تکمیل کاری شده ICN DENA SBR | E223: =VLOOKUP(C223,Table1[],3,0) -> ICN1 DENA | F223: =VLOOKUP(C223,Table1[],4,0) -> ICN1 DENA | G223: =VLOOKUP(C223,Table1[],5,0) -> ICN1 DENA | H223: =VLOOKUP(C223,Table1[],6,0) -> Cluster Instrument | I223: تکمیل کاری جلوآمپر | J223: - | K223: - | L223: 0 | M223: 444 | N223: ELE | O223: - | P223: - | Q223: - | R223: - | S223: - | T223: - | U223: - | V223: - | W223: - | X223: - | Y223: - | Z223: - | AA223: - | AB223: - | AC223: 0 | AD223: 0 | AE223: 0 | AF223: 0 | AG223: 0 | AH223: 0 | AI223: 44000 | AJ223: - | AK223: - | AL223: - | AM223: - | AN223: - | AO223: - | AP223: - | AQ223: - | AR223: - | AS223: فرآیندی | AT223: - | AU223: - | AV223: - | AW223: - | AX223: 14000 | AY223: 12000 | AZ223: - | BA223: 14000 | BB223: 12000
A224: 1405/05/07 | C224: 1220927 | D224: جلوآمپر تکمیل کاری شده ICN DENA SBR | E224: =VLOOKUP(C224,Table1[],3,0) -> ICN1 DENA | F224: =VLOOKUP(C224,Table1[],4,0) -> ICN1 DENA | G224: =VLOOKUP(C224,Table1[],5,0) -> ICN1 DENA | H224: =VLOOKUP(C224,Table1[],6,0) -> Cluster Instrument | I224: تکمیل کاری جلوآمپر | J224: - | K224: - | L224: 0 | M224: 90 | N224: ELE | O224: - | P224: - | Q224: - | R224: - | S224: - | T224: - | U224: - | V224: - | W224: - | X224: - | Y224: - | Z224: - | AA224: - | AB224: - | AC224: 0 | AD224: 0 | AE224: 0 | AF224: 0 | AG224: 0 | AH224: 0 | AI224: 44000 | AJ224: - | AK224: - | AL224: - | AM224: - | AN224: - | AO224: - | AP224: - | AQ224: - | AR224: - | AS224: فرآیندی | AT224: - | AU224: - | AV224: - | AW224: - | AX224: 14000 | AY224: 12000 | AZ224: - | BA224: 14000 | BB224: 12000
A225: 1405/05/08 | C225: 1220927 | D225: جلوآمپر تکمیل کاری شده ICN DENA SBR | E225: =VLOOKUP(C225,Table1[],3,0) -> ICN1 DENA | F225: =VLOOKUP(C225,Table1[],4,0) -> ICN1 DENA | G225: =VLOOKUP(C225,Table1[],5,0) -> ICN1 DENA | H225: =VLOOKUP(C225,Table1[],6,0) -> Cluster Instrument | I225: تکمیل کاری جلوآمپر | J225: - | K225: - | L225: 0 | M225: 270 | N225: ELE | O225: - | P225: - | Q225: - | R225: - | S225: - | T225: - | U225: - | V225: - | W225: - | X225: - | Y225: - | Z225: - | AA225: - | AB225: - | AC225: 0 | AD225: 0 | AE225: 0 | AF225: 0 | AG225: 0 | AH225: 0 | AI225: 44000 | AJ225: - | AK225: - | AL225: - | AM225: - | AN225: - | AO225: - | AP225: - | AQ225: - | AR225: - | AS225: فرآیندی | AT225: - | AU225: - | AV225: - | AW225: - | AX225: 14000 | AY225: 12000 | AZ225: - | BA225: 14000 | BB225: 12000
A226: 1405/05/10 | C226: 1220927 | D226: جلوآمپر تکمیل کاری شده ICN DENA SBR | E226: =VLOOKUP(C226,Table1[],3,0) -> ICN1 DENA | F226: =VLOOKUP(C226,Table1[],4,0) -> ICN1 DENA | G226: =VLOOKUP(C226,Table1[],5,0) -> ICN1 DENA | H226: =VLOOKUP(C226,Table1[],6,0) -> Cluster Instrument | I226: تکمیل کاری جلوآمپر | J226: - | K226: - | L226: 0 | M226: 360 | N226: ELE | O226: - | P226: - | Q226: - | R226: - | S226: - | T226: - | U226: - | V226: - | W226: - | X226: - | Y226: - | Z226: - | AA226: - | AB226: - | AC226: 0 | AD226: 0 | AE226: 0 | AF226: 0 | AG226: 0 | AH226: 0 | AI226: 44000 | AJ226: - | AK226: - | AL226: - | AM226: - | AN226: - | AO226: - | AP226: - | AQ226: - | AR226: - | AS226: فرآیندی | AT226: - | AU226: - | AV226: - | AW226: - | AX226: 14000 | AY226: 12000 | AZ226: - | BA226: 14000 | BB226: 12000
A227: 1405/05/28 | C227: 1220927 | D227: جلوآمپر تکمیل کاری شده ICN DENA SBR | E227: =VLOOKUP(C227,Table1[],3,0) -> ICN1 DENA | F227: =VLOOKUP(C227,Table1[],4,0) -> ICN1 DENA | G227: =VLOOKUP(C227,Table1[],5,0) -> ICN1 DENA | H227: =VLOOKUP(C227,Table1[],6,0) -> Cluster Instrument | I227: تکمیل کاری جلوآمپر | J227: - | K227: - | L227: 0 | M227: 264 | N227: ELE | O227: - | P227: - | Q227: - | R227: - | S227: - | T227: - | U227: - | V227: - | W227: - | X227: - | Y227: - | Z227: - | AA227: - | AB227: - | AC227: 0 | AD227: 0 | AE227: 0 | AF227: 0 | AG227: 0 | AH227: 0 | AI227: 44000 | AJ227: - | AK227: - | AL227: - | AM227: - | AN227: - | AO227: - | AP227: - | AQ227: - | AR227: - | AS227: فرآیندی | AT227: - | AU227: - | AV227: - | AW227: - | AX227: 14000 | AY227: 12000 | AZ227: - | BA227: 14000 | BB227: 12000
A228: 1405/05/29 | C228: 1220927 | D228: جلوآمپر تکمیل کاری شده ICN DENA SBR | E228: =VLOOKUP(C228,Table1[],3,0) -> ICN1 DENA | F228: =VLOOKUP(C228,Table1[],4,0) -> ICN1 DENA | G228: =VLOOKUP(C228,Table1[],5,0) -> ICN1 DENA | H228: =VLOOKUP(C228,Table1[],6,0) -> Cluster Instrument | I228: تکمیل کاری جلوآمپر | J228: - | K228: - | L228: 0 | M228: 252 | N228: ELE | O228: - | P228: - | Q228: - | R228: - | S228: - | T228: - | U228: - | V228: - | W228: - | X228: - | Y228: - | Z228: - | AA228: - | AB228: - | AC228: 0 | AD228: 0 | AE228: 0 | AF228: 0 | AG228: 0 | AH228: 0 | AI228: 44000 | AJ228: - | AK228: - | AL228: - | AM228: - | AN228: - | AO228: - | AP228: - | AQ228: - | AR228: - | AS228: فرآیندی | AT228: - | AU228: - | AV228: - | AW228: - | AX228: 14000 | AY228: 12000 | AZ228: - | BA228: 14000 | BB228: 12000
A229: 1405/05/31 | C229: 1220927 | D229: جلوآمپر تکمیل کاری شده ICN DENA SBR | E229: =VLOOKUP(C229,Table1[],3,0) -> ICN1 DENA | F229: =VLOOKUP(C229,Table1[],4,0) -> ICN1 DENA | G229: =VLOOKUP(C229,Table1[],5,0) -> ICN1 DENA | H229: =VLOOKUP(C229,Table1[],6,0) -> Cluster Instrument | I229: تکمیل کاری جلوآمپر | J229: - | K229: - | L229: 0 | M229: 402 | N229: ELE | O229: - | P229: - | Q229: - | R229: - | S229: - | T229: - | U229: - | V229: - | W229: - | X229: - | Y229: - | Z229: - | AA229: - | AB229: - | AC229: 0 | AD229: 0 | AE229: 0 | AF229: 0 | AG229: 0 | AH229: 0 | AI229: 44000 | AJ229: - | AK229: - | AL229: - | AM229: - | AN229: - | AO229: - | AP229: - | AQ229: - | AR229: - | AS229: فرآیندی | AT229: - | AU229: - | AV229: - | AW229: - | AX229: 14000 | AY229: 12000 | AZ229: - | BA229: 14000 | BB229: 12000
A230: 1405/05/01 | C230: 1220930 | D230: جلوآمپر تکمیل کاری شده TARA دستی SBR | E230: =VLOOKUP(C230,Table1[],3,0) -> ICN1 TARA | F230: =VLOOKUP(C230,Table1[],4,0) -> ICN1 TARA | G230: =VLOOKUP(C230,Table1[],5,0) -> ICN1 TARA | H230: =VLOOKUP(C230,Table1[],6,0) -> Cluster Instrument | I230: تکمیل کاری جلوآمپر | J230: - | K230: - | L230: 0 | M230: 152 | N230: ELE | O230: - | P230: - | Q230: - | R230: - | S230: - | T230: - | U230: - | V230: - | W230: - | X230: - | Y230: - | Z230: - | AA230: - | AB230: - | AC230: 0 | AD230: 0 | AE230: 0 | AF230: 0 | AG230: 0 | AH230: 0 | AI230: 44000 | AJ230: - | AK230: - | AL230: - | AM230: - | AN230: - | AO230: - | AP230: - | AQ230: - | AR230: - | AS230: فرآیندی | AT230: - | AU230: - | AV230: - | AW230: - | AX230: 14000 | AY230: 12000 | AZ230: - | BA230: 14000 | BB230: 12000
... A376: 1405/05/31 | C376: 1222151 | D376: کلید شیشه بالابر جلو چپ تکمیل کاری شده CKD DRIVER SBCM | E376: =VLOOKUP(C376,Table1[],3,0) -> SOREN-FR-LH SOREN | F376: =VLOOKUP(C376,Table1[],4,0) -> Switch | G376: =VLOOKUP(C376,Table1[],5,0) -> Switch | H376: =VLOOKUP(C376,Table1[],6,0) -> Switch | I376: تکمیل کاری خط D | J376: - | K376: - | L376: 0 | M376: 468 | N376: ELE | O376: - | P376: - | Q376: - | R376: - | S376: - | T376: - | U376: - | V376: - | W376: - | X376: - | Y376: - | Z376: - | AA376: - | AB376: - | AC376: 0 | AD376: 0 | AE376: 0 | AF376: 0 | AG376: 0 | AH376: 0 | AI376: 44000 | AJ376: - | AK376: - | AL376: - | AM376: - | AN376: - | AO376: - | AP376: - | AQ376: - | AR376: - | AS376: فرآیندی | AT376: - | AU376: - | AV376: - | AW376: - | AX376: 14000 | AY376: 12000 | AZ376: - | BA376: 14000 | BB376: 12000

Sheet qv 
A1: تاریخ | B1: شیفت کاری | C1: کد گروه محصول | D1: کد محصول | E1: نام محصول | F1: خانواده محصول | G1: نام محصول ترکیبی | H1: گروه محصول نهایی | I1: ایستگاه | J1: کد ایراد | K1: شرح ایراد | L1: تعداد ایراد | M1: تعداد کل | N1: برنچ | O1: شرح فعالیت انجام شده توسط تعمیرات | P1: عامل مسبب ایراد 6M | Q1: کد قطعه | R1: نام قطعه | S1: نام تامین کننده | T1: کد و نام تجهیزات و ابزارآلات | U1: کد تجهیزات و ابزارآلات | V1: کد و نام تجهیزات و ابزارآلات1 | W1: کد فرآیند (OPC) | X1: نام فرآیند (OPC) | Y1: حالت خرابی بالقوه | Z1: نوع حالت خرابی بالقوه | AA1: توضیحات تعمیرات | AB1: ستون مشترک حالت خرابی | AC1: شدت حالت خرابی | AD1: تشخیص حالت خرابی | AE1: وقوع قدیمی | AF1: مدت زمان عیب یابی ( دقیقه ) | AG1: مدت زمان رفع عیب ( دقیقه ) | AH1: مدت زمان تست مجدد ( دقیقه ) | AI1: هزینه ریالی تعمیرات | AJ1: خانواده قطعات | AK1: شماره BOM | AL1: شماره برگ ارسال | AM1: کد اپراتور | AN1: نام اپراتور | AO1: کد بازرس چشمی | AP1: نام بازرس | AQ1: AOI | AR1: نام بازرس AOI | AS1: نوع قطعات تولیدی و تامینی | AT1: وضعیت اعلام ایرادات | AU1: توضیحات اضافه | AV1: توضیحات | AW1: Control Station | AX1: حد قابل قبول | AY1: هدف | AZ1: علت افت یا بهبود PPM | BA1: حد قابل قبول عظام | BB1: هدف عظام
A2: 1405/05/01 | B2: - | C2: 1211997 | D2: جلوآمپر مونتاژ و لحیم شده 207 دستی یکسان سازی | E2: =VLOOKUP(C2,'Sheet1 (2)'!$A$2:$G$357,3,0) -> ICN1 207 | F2: =VLOOKUP(C2,'Sheet1 (2)'!$A$2:$G$357,4,0) -> ICN1 207 | G2: =VLOOKUP(C2,'Sheet1 (2)'!$A$2:$G$357,5,0) -> ICN1 207 | H2: =VLOOKUP(C2,'Sheet1 (2)'!$A$2:$G$357,6,0) -> Cluster Instrument | I2: مونتاژ دستی خطوط جلوآمپر | J2: TS-01 | K2: نبود قلع بر روی پد | L2: 1 | M2: 0 | N2: ELE | O2: بازکاری | P2: اپراتور | Q2: 1130655 | R2: Stepper Motor 29-07 | S2: - | T2: - | U2: - | V2: - | W2: - | X2: - | Y2: - | Z2: - | AA2: نبود قلع برروی پد | AB2: - | AC2: 0 | AD2: 0 | AE2: 0 | AF2: 1 | AG2: 0.5 | AH2: 0 | AI2: 44000 | AJ2: موتور | AK2: - | AL2: - | AM2: - | AN2: امین ابراهیمی آهوئی | AO2: - | AP2: - | AQ2: - | AR2: - | AS2: فرآیندی | AT2: کنترل چشمی | AU2: - | AV2: - | AW2: - | AX2: 14000 | AY2: 12000 | AZ2: - | BA2: 14000 | BB2: 12000
A3: 1405/05/01 | B3: - | C3: 1211643 | D3: جعبه الکترونیکی مونتاژ و لحیم کاری شده NBCM_DENA_SBR | E3: =VLOOKUP(C3,'Sheet1 (2)'!$A$2:$G$357,3,0) -> NBCM DENA | F3: =VLOOKUP(C3,'Sheet1 (2)'!$A$2:$G$357,4,0) -> NBCM | G3: =VLOOKUP(C3,'Sheet1 (2)'!$A$2:$G$357,5,0) -> NBCM | H3: =VLOOKUP(C3,'Sheet1 (2)'!$A$2:$G$357,6,0) -> Nodes | I3: وان قلع | J3: TS-08 | K3: اتصال کوتاه و تار عنکبوتی | L3: 3 | M3: 0 | N3: ELE | O3: بازکاری | P3: تجهیرات و ماشین آلات | Q3: 1130064 | R3: Connector 40 pin B40B | S3: - | T3: - | U3: - | V3: MWS-04/WAVE SOLDERING | W3: - | X3: - | Y3: - | Z3: - | AA3: اتصالی | AB3: - | AC3: 0 | AD3: 0 | AE3: 0 | AF3: 2 | AG3: 0.5 | AH3: 0 | AI3: 44000 | AJ3: کانکتور | AK3: - | AL3: - | AM3: - | AN3: - | AO3: - | AP3: - | AQ3: - | AR3: - | AS3: فرآیندی | AT3: کنترل چشمی | AU3: - | AV3: - | AW3: - | AX3: 14000 | AY3: 12000 | AZ3: - | BA3: 14000 | BB3: 12000
A4: 1405/05/01 | B4: - | C4: 1211643 | D4: جعبه الکترونیکی مونتاژ و لحیم کاری شده NBCM_DENA_SBR | E4: =VLOOKUP(C4,'Sheet1 (2)'!$A$2:$G$357,3,0) -> NBCM DENA | F4: =VLOOKUP(C4,'Sheet1 (2)'!$A$2:$G$357,4,0) -> NBCM | G4: =VLOOKUP(C4,'Sheet1 (2)'!$A$2:$G$357,5,0) -> NBCM | H4: =VLOOKUP(C4,'Sheet1 (2)'!$A$2:$G$357,6,0) -> Nodes | I4: وان قلع | J4: TS-08 | K4: اتصال کوتاه و تار عنکبوتی | L4: 3 | M4: 0 | N4: ELE | O4: بازکاری | P4: تجهیرات و ماشین آلات | Q4: 1130060 | R4: Connector 14 Pin B14B-BCC14-1AR(LF)(SN)1 | S4: - | T4: - | U4: - | V4: MWS-04/WAVE SOLDERING | W4: - | X4: - | Y4: - | Z4: - | AA4: اتصالی | AB4: - | AC4: 0 | AD4: 0 | AE4: 0 | AF4: 2 | AG4: 0.5 | AH4: 0 | AI4: 44000 | AJ4: کانکتور | AK4: - | AL4: - | AM4: - | AN4: - | AO4: - | AP4: - | AQ4: - | AR4: - | AS4: فرآیندی | AT4: کنترل چشمی | AU4: - | AV4: - | AW4: - | AX4: 14000 | AY4: 12000 | AZ4: - | BA4: 14000 | BB4: 12000
A5: 1405/05/01 | B5: - | C5: 1211643 | D5: جعبه الکترونیکی مونتاژ و لحیم کاری شده NBCM_DENA_SBR | E5: =VLOOKUP(C5,'Sheet1 (2)'!$A$2:$G$357,3,0) -> NBCM DENA | F5: =VLOOKUP(C5,'Sheet1 (2)'!$A$2:$G$357,4,0) -> NBCM | G5: =VLOOKUP(C5,'Sheet1 (2)'!$A$2:$G$357,5,0) -> NBCM | H5: =VLOOKUP(C5,'Sheet1 (2)'!$A$2:$G$357,6,0) -> Nodes | I5: وان قلع | J5: TS-08 | K5: اتصال کوتاه و تار عنکبوتی | L5: 2 | M5: 0 | N5: ELE | O5: بازکاری | P5: تجهیرات و ماشین آلات | Q5: 1130060 | R5: Connector 14 Pin B14B-BCC14-1AR(LF)(SN)1 | S5: - | T5: - | U5: - | V5: MWS-04/WAVE SOLDERING | W5: - | X5: - | Y5: - | Z5: - | AA5: اتصالی | AB5: - | AC5: 0 | AD5: 0 | AE5: 0 | AF5: 2 | AG5: 0.5 | AH5: 0 | AI5: 44000 | AJ5: کانکتور | AK5: - | AL5: - | AM5: - | AN5: - | AO5: - | AP5: - | AQ5: - | AR5: - | AS5: فرآیندی | AT5: کنترل چشمی | AU5: - | AV5: - | AW5: - | AX5: 14000 | AY5: 12000 | AZ5: - | BA5: 14000 | BB5: 12000
A6: 1405/05/01 | B6: - | C6: 1211643 | D6: جعبه الکترونیکی مونتاژ و لحیم کاری شده NBCM_DENA_SBR | E6: =VLOOKUP(C6,'Sheet1 (2)'!$A$2:$G$357,3,0) -> NBCM DENA | F6: =VLOOKUP(C6,'Sheet1 (2)'!$A$2:$G$357,4,0) -> NBCM | G6: =VLOOKUP(C6,'Sheet1 (2)'!$A$2:$G$357,5,0) -> NBCM | H6: =VLOOKUP(C6,'Sheet1 (2)'!$A$2:$G$357,6,0) -> Nodes | I6: وان قلع | J6: TS-08 | K6: اتصال کوتاه و تار عنکبوتی | L6: 4 | M6: 0 | N6: ELE | O6: بازکاری | P6: تجهیرات و ماشین آلات | Q6: 1130064 | R6: Connector 40 pin B40B | S6: - | T6: - | U6: - | V6: MWS-04/WAVE SOLDERING | W6: - | X6: - | Y6: - | Z6: - | AA6: اتصالی | AB6: - | AC6: 0 | AD6: 0 | AE6: 0 | AF6: 2 | AG6: 0.5 | AH6: 0 | AI6: 44000 | AJ6: کانکتور | AK6: - | AL6: - | AM6: - | AN6: - | AO6: - | AP6: - | AQ6: - | AR6: - | AS6: فرآیندی | AT6: کنترل چشمی | AU6: - | AV6: - | AW6: - | AX6: 14000 | AY6: 12000 | AZ6: - | BA6: 14000 | BB6: 12000
A7: 1405/05/01 | B7: - | C7: 1211646 | D7: جعبه الکترونیکی مونتاژ و لحیم کاری شده NBCM_TARAMY_SBR | E7: =VLOOKUP(C7,'Sheet1 (2)'!$A$2:$G$357,3,0) -> NBCM TARA | F7: =VLOOKUP(C7,'Sheet1 (2)'!$A$2:$G$357,4,0) -> NBCM | G7: =VLOOKUP(C7,'Sheet1 (2)'!$A$2:$G$357,5,0) -> NBCM | H7: =VLOOKUP(C7,'Sheet1 (2)'!$A$2:$G$357,6,0) -> Nodes | I7: وان قلع | J7: TS-08 | K7: اتصال کوتاه و تار عنکبوتی | L7: 5 | M7: 0 | N7: ELE | O7: بازکاری | P7: تجهیرات و ماشین آلات | Q7: 1130064 | R7: Connector 40 pin B40B | S7: - | T7: - | U7: - | V7: MWS-04/WAVE SOLDERING | W7: - | X7: - | Y7: - | Z7: - | AA7: اتصالی | AB7: - | AC7: 0 | AD7: 0 | AE7: 0 | AF7: 2 | AG7: 0.5 | AH7: 0 | AI7: 44000 | AJ7: کانکتور | AK7: - | AL7: - | AM7: - | AN7: - | AO7: - | AP7: - | AQ7: - | AR7: - | AS7: فرآیندی | AT7: کنترل چشمی | AU7: - | AV7: - | AW7: - | AX7: 14000 | AY7: 12000 | AZ7: - | BA7: 14000 | BB7: 12000
A8: 1405/05/01 | B8: - | C8: 1211646 | D8: جعبه الکترونیکی مونتاژ و لحیم کاری شده NBCM_TARAMY_SBR | E8: =VLOOKUP(C8,'Sheet1 (2)'!$A$2:$G$357,3,0) -> NBCM TARA | F8: =VLOOKUP(C8,'Sheet1 (2)'!$A$2:$G$357,4,0) -> NBCM | G8: =VLOOKUP(C8,'Sheet1 (2)'!$A$2:$G$357,5,0) -> NBCM | H8: =VLOOKUP(C8,'Sheet1 (2)'!$A$2:$G$357,6,0) -> Nodes | I8: وان قلع | J8: TS-08 | K8: اتصال کوتاه و تار عنکبوتی | L8: 2 | M8: 0 | N8: ELE | O8: بازکاری | P8: تجهیرات و ماشین آلات | Q8: 1122205 | R8: RF Receiver 433Mhz | S8: - | T8: - | U8: - | V8: MWS-04/WAVE SOLDERING | W8: - | X8: - | Y8: - | Z8: - | AA8: اتصالی | AB8: - | AC8: 0 | AD8: 0 | AE8: 0 | AF8: 2 | AG8: 0.5 | AH8: 0 | AI8: 44000 | AJ8: ماژول | AK8: - | AL8: - | AM8: - | AN8: - | AO8: - | AP8: - | AQ8: - | AR8: - | AS8: فرآیندی | AT8: کنترل چشمی | AU8: - | AV8: - | AW8: - | AX8: 14000 | AY8: 12000 | AZ8: - | BA8: 14000 | BB8: 12000
A9: 1405/05/01 | B9: - | C9: 1211646 | D9: جعبه الکترونیکی مونتاژ و لحیم کاری شده NBCM_TARAMY_SBR | E9: =VLOOKUP(C9,'Sheet1 (2)'!$A$2:$G$357,3,0) -> NBCM TARA | F9: =VLOOKUP(C9,'Sheet1 (2)'!$A$2:$G$357,4,0) -> NBCM | G9: =VLOOKUP(C9,'Sheet1 (2)'!$A$2:$G$357,5,0) -> NBCM | H9: =VLOOKUP(C9,'Sheet1 (2)'!$A$2:$G$357,6,0) -> Nodes | I9: وان قلع | J9: TS-08 | K9: اتصال کوتاه و تار عنکبوتی | L9: 5 | M9: 0 | N9: ELE | O9: بازکاری | P9: تجهیرات و ماشین آلات | Q9: 1130060 | R9: Connector 14 Pin B14B-BCC14-1AR(LF)(SN)1 | S9: - | T9: - | U9: - | V9: MWS-04/WAVE SOLDERING | W9: - | X9: - | Y9: - | Z9: - | AA9: اتصالی | AB9: - | AC9: 0 | AD9: 0 | AE9: 0 | AF9: 2 | AG9: 0.5 | AH9: 0 | AI9: 44000 | AJ9: کانکتور | AK9: - | AL9: - | AM9: - | AN9: - | AO9: - | AP9: - | AQ9: - | AR9: - | AS9: فرآیندی | AT9: کنترل چشمی | AU9: - | AV9: - | AW9: - | AX9: 14000 | AY9: 12000 | AZ9: - | BA9: 14000 | BB9: 12000
A10: 1405/05/03 | B10: - | C10: 1211643 | D10: جعبه الکترونیکی مونتاژ و لحیم کاری شده NBCM_DENA_SBR | E10: =VLOOKUP(C10,'Sheet1 (2)'!$A$2:$G$357,3,0) -> NBCM DENA | F10: =VLOOKUP(C10,'Sheet1 (2)'!$A$2:$G$357,4,0) -> NBCM | G10: =VLOOKUP(C10,'Sheet1 (2)'!$A$2:$G$357,5,0) -> NBCM | H10: =VLOOKUP(C10,'Sheet1 (2)'!$A$2:$G$357,6,0) -> Nodes | I10: وان قلع | J10: TS-08 | K10: اتصال کوتاه و تار عنکبوتی | L10: 2 | M10: 0 | N10: ELE | O10: بازکاری | P10: تجهیرات و ماشین آلات | Q10: 1130060 | R10: Connector 14 Pin B14B-BCC14-1AR(LF)(SN)1 | S10: - | T10: - | U10: - | V10: MWS-04/WAVE SOLDERING | W10: - | X10: - | Y10: - | Z10: - | AA10: اتصالی | AB10: - | AC10: 0 | AD10: 0 | AE10: 0 | AF10: 2 | AG10: 0.5 | AH10: 0 | AI10: 44000 | AJ10: کانکتور | AK10: - | AL10: - | AM10: - | AN10: - | AO10: - | AP10: - | AQ10: - | AR10: - | AS10: فرآیندی | AT10: کنترل چشمی | AU10: - | AV10: - | AW10: - | AX10: 14000 | AY10: 12000 | AZ10: - | BA10: 14000 | BB10: 12000
A11: 1405/05/03 | B11: - | C11: 1211643 | D11: جعبه الکترونیکی مونتاژ و لحیم کاری شده NBCM_DENA_SBR | E11: =VLOOKUP(C11,'Sheet1 (2)'!$A$2:$G$357,3,0) -> NBCM DENA | F11: =VLOOKUP(C11,'Sheet1 (2)'!$A$2:$G$357,4,0) -> NBCM | G11: =VLOOKUP(C11,'Sheet1 (2)'!$A$2:$G$357,5,0) -> NBCM | H11: =VLOOKUP(C11,'Sheet1 (2)'!$A$2:$G$357,6,0) -> Nodes | I11: وان قلع | J11: TS-08 | K11: اتصال کوتاه و تار عنکبوتی | L11: 3 | M11: 0 | N11: ELE | O11: بازکاری | P11: تجهیرات و ماشین آلات | Q11: 1122205 | R11: RF Receiver 433Mhz | S11: - | T11: - | U11: - | V11: MWS-04/WAVE SOLDERING | W11: - | X11: - | Y11: - | Z11: - | AA11: اتصالی | AB11: - | AC11: 0 | AD11: 0 | AE11: 0 | AF11: 2 | AG11: 0.5 | AH11: 0 | AI11: 44000 | AJ11: ماژول | AK11: - | AL11: - | AM11: - | AN11: - | AO11: - | AP11: - | AQ11: - | AR11: - | AS11: فرآیندی | AT11: کنترل چشمی | AU11: - | AV11: - | AW11: - | AX11: 14000 | AY11: 12000 | AZ11: - | BA11: 14000 | BB11: 12000
A12: 1405/05/03 | B12: - | C12: 1211643 | D12: جعبه الکترونیکی مونتاژ و لحیم کاری شده NBCM_DENA_SBR | E12: =VLOOKUP(C12,'Sheet1 (2)'!$A$2:$G$357,3,0) -> NBCM DENA | F12: =VLOOKUP(C12,'Sheet1 (2)'!$A$2:$G$357,4,0) -> NBCM | G12: =VLOOKUP(C12,'Sheet1 (2)'!$A$2:$G$357,5,0) -> NBCM | H12: =VLOOKUP(C12,'Sheet1 (2)'!$A$2:$G$357,6,0) -> Nodes | I12: وان قلع | J12: TS-08 | K12: اتصال کوتاه و تار عنکبوتی | L12: 9 | M12: 0 | N12: ELE | O12: بازکاری | P12: تجهیرات و ماشین آلات | Q12: 1130064 | R12: Connector 40 pin B40B | S12: - | T12: - | U12: - | V12: MWS-04/WAVE SOLDERING | W12: - | X12: - | Y12: - | Z12: - | AA12: اتصالی | AB12: - | AC12: 0 | AD12: 0 | AE12: 0 | AF12: 2 | AG12: 0.5 | AH12: 0 | AI12: 44000 | AJ12: کانکتور | AK12: - | AL12: - | AM12: - | AN12: - | AO12: - | AP12: - | AQ12: - | AR12: - | AS12: فرآیندی | AT12: کنترل چشمی | AU12: - | AV12: - | AW12: - | AX12: 14000 | AY12: 12000 | AZ12: - | BA12: 14000 | BB12: 12000
A13: 1405/05/03 | B13: - | C13: 1211646 | D13: جعبه الکترونیکی مونتاژ و لحیم کاری شده NBCM_TARAMY_SBR | E13: =VLOOKUP(C13,'Sheet1 (2)'!$A$2:$G$357,3,0) -> NBCM TARA | F13: =VLOOKUP(C13,'Sheet1 (2)'!$A$2:$G$357,4,0) -> NBCM | G13: =VLOOKUP(C13,'Sheet1 (2)'!$A$2:$G$357,5,0) -> NBCM | H13: =VLOOKUP(C13,'Sheet1 (2)'!$A$2:$G$357,6,0) -> Nodes | I13: وان قلع | J13: TS-08 | K13: اتصال کوتاه و تار عنکبوتی | L13: 2 | M13: 0 | N13: ELE | O13: بازکاری | P13: تجهیرات و ماشین آلات | Q13: 1130060 | R13: Connector 14 Pin B14B-BCC14-1AR(LF)(SN)1 | S13: - | T13: - | U13: - | V13: MWS-04/WAVE SOLDERING | W13: - | X13: - | Y13: - | Z13: - | AA13: اتصالی | AB13: - | AC13: 0 | AD13: 0 | AE13: 0 | AF13: 2 | AG13: 0.5 | AH13: 0 | AI13: 44000 | AJ13: کانکتور | AK13: - | AL13: - | AM13: - | AN13: - | AO13: - | AP13: - | AQ13: - | AR13: - | AS13: فرآیندی | AT13: کنترل چشمی | AU13: - | AV13: - | AW13: - | AX13: 14000 | AY13: 12000 | AZ13: - | BA13: 14000 | BB13: 12000
... A106: 1405/05/29 | B106: - | C106: 1210932 | D106: جلوآمپر مونتاژ و لحیم شده ICN SOREN یکسان سازی | E106: =VLOOKUP(C106,'Sheet1 (2)'!$A$2:$G$357,3,0) -> ICN1 SOREN | F106: =VLOOKUP(C106,'Sheet1 (2)'!$A$2:$G$357,4,0) -> ICN1 SOREN | G106: =VLOOKUP(C106,'Sheet1 (2)'!$A$2:$G$357,5,0) -> ICN1 SOREN | H106: =VLOOKUP(C106,'Sheet1 (2)'!$A$2:$G$357,6,0) -> Cluster Instrument | I106: مونتاژ دستی خطوط جلوآمپر | J106: TS-01 | K106: نبود قلع بر روی پد | L106: 1 | M106: 0 | N106: ELE | O106: بازکاری | P106: اپراتور | Q106: 1130650 | R106: Stepper Motor 23-01 | S106: - | T106: - | U106: - | V106: - | W106: - | X106: - | Y106: - | Z106: - | AA106: نبود قلع برروی پد | AB106: - | AC106: 0 | AD106: 0 | AE106: 0 | AF106: 1 | AG106: 0.5 | AH106: 0 | AI106: 44000 | AJ106: موتور | AK106: - | AL106: - | AM106: - | AN106: امید زارع بنادکوکی | AO106: - | AP106: - | AQ106: - | AR106: - | AS106: فرآیندی | AT106: کنترل چشمی | AU106: - | AV106: - | AW106: - | AX106: 14000 | AY106: 12000 | AZ106: - | BA106: 14000 | BB106: 12000
A107: 1405/05/29 | B107: - | C107: 1211979 | D107: جلوآمپر مونتاژ و لحیم شده آریسان RL78 100P | E107: =VLOOKUP(C107,Table1[],3,0) -> ICN1 ARISUN | F107: =VLOOKUP(C107,Table1[],4,0) -> ICN1 ARISUN | G107: =VLOOKUP(C107,Table1[],5,0) -> ICN1 ARISUN | H107: =VLOOKUP(C107,Table1[],6,0) -> Cluster Instrument | I107: مونتاژ دستی خطوط جلوآمپر | J107: TS-08 | K107: اتصال کوتاه و تار عنکبوتی | L107: 1 | M107: 0 | N107: ELE | O107: بازکاری | P107: اپراتور | Q107: 1130068 | R107: Connector 18pin White Screw Base | S107: - | T107: - | U107: - | V107: - | W107: - | X107: - | Y107: - | Z107: - | AA107: اتصالی | AB107: - | AC107: 0 | AD107: 0 | AE107: 0 | AF107: 1 | AG107: 0.5 | AH107: 0 | AI107: 44000 | AJ107: کانکتور | AK107: - | AL107: - | AM107: - | AN107: نیلوفر تقی پور | AO107: - | AP107: - | AQ107: - | AR107: - | AS107: فرآیندی | AT107: کنترل چشمی | AU107: - | AV107: - | AW107: - | AX107: 14000 | AY107: 12000 | AZ107: - | BA107: 14000 | BB107: 12000
A108: 1405/05/29 | B108: - | C108: 1211979 | D108: جلوآمپر مونتاژ و لحیم شده آریسان RL78 100P | E108: =VLOOKUP(C108,Table1[],3,0) -> ICN1 ARISUN | F108: =VLOOKUP(C108,Table1[],4,0) -> ICN1 ARISUN | G108: =VLOOKUP(C108,Table1[],5,0) -> ICN1 ARISUN | H108: =VLOOKUP(C108,Table1[],6,0) -> Cluster Instrument | I108: مونتاژ دستی خطوط جلوآمپر | J108: TS-01 | K108: نبود قلع بر روی پد | L108: 1 | M108: 0 | N108: ELE | O108: بازکاری | P108: اپراتور | Q108: 1130650 | R108: Stepper Motor 23-01 | S108: - | T108: - | U108: - | V108: - | W108: - | X108: - | Y108: - | Z108: - | AA108: نبود قلع برروی پد | AB108: - | AC108: 0 | AD108: 0 | AE108: 0 | AF108: 1 | AG108: 0.5 | AH108: 0 | AI108: 44000 | AJ108: موتور | AK108: - | AL108: - | AM108: - | AN108: امید زارع بنادکوکی | AO108: - | AP108: - | AQ108: - | AR108: - | AS108: فرآیندی | AT108: کنترل چشمی | AU108: - | AV108: - | AW108: - | AX108: 14000 | AY108: 12000 | AZ108: - | BA108: 14000 | BB108: 12000
A109: 1405/05/29 | B109: - | C109: 1211646 | D109: جعبه الکترونیکی مونتاژ و لحیم کاری شده NBCM_TARAMY_SBR | E109: =VLOOKUP(C109,'Sheet1 (2)'!$A$2:$G$357,3,0) -> NBCM TARA | F109: =VLOOKUP(C109,'Sheet1 (2)'!$A$2:$G$357,4,0) -> NBCM | G109: =VLOOKUP(C109,'Sheet1 (2)'!$A$2:$G$357,5,0) -> NBCM | H109: =VLOOKUP(C109,'Sheet1 (2)'!$A$2:$G$357,6,0) -> Nodes | I109: وان قلع | J109: TS-08 | K109: اتصال کوتاه و تار عنکبوتی | L109: 8 | M109: 0 | N109: ELE | O109: بازکاری | P109: تجهیرات و ماشین آلات | Q109: 1130064 | R109: Connector 40 pin B40B | S109: - | T109: - | U109: - | V109: MWS-04/WAVE SOLDERING | W109: - | X109: - | Y109: - | Z109: - | AA109: اتصالی | AB109: - | AC109: 0 | AD109: 0 | AE109: 0 | AF109: 2 | AG109: 0.5 | AH109: 0 | AI109: 44000 | AJ109: کانکتور | AK109: - | AL109: - | AM109: - | AN109: - | AO109: - | AP109: - | AQ109: - | AR109: - | AS109: فرآیندی | AT109: کنترل چشمی | AU109: - | AV109: - | AW109: - | AX109: 14000 | AY109: 12000 | AZ109: - | BA109: 14000 | BB109: 12000
A110: 1405/05/29 | B110: - | C110: 1211646 | D110: جعبه الکترونیکی مونتاژ و لحیم کاری شده NBCM_TARAMY_SBR | E110: =VLOOKUP(C110,'Sheet1 (2)'!$A$2:$G$357,3,0) -> NBCM TARA | F110: =VLOOKUP(C110,'Sheet1 (2)'!$A$2:$G$357,4,0) -> NBCM | G110: =VLOOKUP(C110,'Sheet1 (2)'!$A$2:$G$357,5,0) -> NBCM | H110: =VLOOKUP(C110,'Sheet1 (2)'!$A$2:$G$357,6,0) -> Nodes | I110: وان قلع | J110: TS-08 | K110: اتصال کوتاه و تار عنکبوتی | L110: 2 | M110: 0 | N110: ELE | O110: بازکاری | P110: تجهیرات و ماشین آلات | Q110: 1130060 | R110: Connector 14 Pin B14B-BCC14-1AR(LF)(SN)1 | S110: - | T110: - | U110: - | V110: MWS-04/WAVE SOLDERING | W110: - | X110: - | Y110: - | Z110: - | AA110: اتصالی | AB110: - | AC110: 0 | AD110: 0 | AE110: 0 | AF110: 2 | AG110: 0.5 | AH110: 0 | AI110: 44000 | AJ110: کانکتور | AK110: - | AL110: - | AM110: - | AN110: - | AO110: - | AP110: - | AQ110: - | AR110: - | AS110: فرآیندی | AT110: کنترل چشمی | AU110: - | AV110: - | AW110: - | AX110: 14000 | AY110: 12000 | AZ110: - | BA110: 14000 | BB110: 12000
A111: 1405/05/29 | B111: - | C111: 1211646 | D111: جعبه الکترونیکی مونتاژ و لحیم کاری شده NBCM_TARAMY_SBR | E111: =VLOOKUP(C111,'Sheet1 (2)'!$A$2:$G$357,3,0) -> NBCM TARA | F111: =VLOOKUP(C111,'Sheet1 (2)'!$A$2:$G$357,4,0) -> NBCM | G111: =VLOOKUP(C111,'Sheet1 (2)'!$A$2:$G$357,5,0) -> NBCM | H111: =VLOOKUP(C111,'Sheet1 (2)'!$A$2:$G$357,6,0) -> Nodes | I111: وان قلع | J111: TS-01 | K111: نبود قلع بر روی پد | L111: 5 | M111: 0 | N111: ELE | O111: بازکاری | P111: تجهیرات و ماشین آلات | Q111: 1130064 | R111: Connector 40 pin B40B | S111: - | T111: - | U111: - | V111: MWS-04/WAVE SOLDERING | W111: - | X111: - | Y111: - | Z111: - | AA111: نبود قلع برروی پد | AB111: - | AC111: 0 | AD111: 0 | AE111: 0 | AF111: 2 | AG111: 0.5 | AH111: 0 | AI111: 44000 | AJ111: کانکتور | AK111: - | AL111: - | AM111: - | AN111: - | AO111: - | AP111: - | AQ111: - | AR111: - | AS111: فرآیندی | AT111: کنترل چشمی | AU111: - | AV111: - | AW111: - | AX111: 14000 | AY111: 12000 | AZ111: - | BA111: 14000 | BB111: 12000
A112: 1405/05/29 | B112: - | C112: 1211643 | D112: جعبه الکترونیکی مونتاژ و لحیم کاری شده NBCM_DENA_SBR | E112: =VLOOKUP(C112,'Sheet1 (2)'!$A$2:$G$357,3,0) -> NBCM DENA | F112: =VLOOKUP(C112,'Sheet1 (2)'!$A$2:$G$357,4,0) -> NBCM | G112: =VLOOKUP(C112,'Sheet1 (2)'!$A$2:$G$357,5,0) -> NBCM | H112: =VLOOKUP(C112,'Sheet1 (2)'!$A$2:$G$357,6,0) -> Nodes | I112: وان قلع | J112: TS-08 | K112: اتصال کوتاه و تار عنکبوتی | L112: 7 | M112: 0 | N112: ELE | O112: بازکاری | P112: تجهیرات و ماشین آلات | Q112: 1130064 | R112: Connector 40 pin B40B | S112: - | T112: - | U112: - | V112: MWS-04/WAVE SOLDERING | W112: - | X112: - | Y112: - | Z112: - | AA112: اتصالی | AB112: - | AC112: 0 | AD112: 0 | AE112: 0 | AF112: 2 | AG112: 0.5 | AH112: 0 | AI112: 44000 | AJ112: کانکتور | AK112: - | AL112: - | AM112: - | AN112: - | AO112: - | AP112: - | AQ112: - | AR112: - | AS112: فرآیندی | AT112: کنترل چشمی | AU112: - | AV112: - | AW112: - | AX112: 14000 | AY112: 12000 | AZ112: - | BA112: 14000 | BB112: 12000
A113: 1405/05/29 | B113: - | C113: 1211643 | D113: جعبه الکترونیکی مونتاژ و لحیم کاری شده NBCM_DENA_SBR | E113: =VLOOKUP(C113,'Sheet1 (2)'!$A$2:$G$357,3,0) -> NBCM DENA | F113: =VLOOKUP(C113,'Sheet1 (2)'!$A$2:$G$357,4,0) -> NBCM | G113: =VLOOKUP(C113,'Sheet1 (2)'!$A$2:$G$357,5,0) -> NBCM | H113: =VLOOKUP(C113,'Sheet1 (2)'!$A$2:$G$357,6,0) -> Nodes | I113: وان قلع | J113: TS-08 | K113: اتصال کوتاه و تار عنکبوتی | L113: 3 | M113: 0 | N113: ELE | O113: بازکاری | P113: تجهیرات و ماشین آلات | Q113: 1130060 | R113: Connector 14 Pin B14B-BCC14-1AR(LF)(SN)1 | S113: - | T113: - | U113: - | V113: MWS-04/WAVE SOLDERING | W113: - | X113: - | Y113: - | Z113: - | AA113: اتصالی | AB113: - | AC113: 0 | AD113: 0 | AE113: 0 | AF113: 2 | AG113: 0.5 | AH113: 0 | AI113: 44000 | AJ113: کانکتور | AK113: - | AL113: - | AM113: - | AN113: - | AO113: - | AP113: - | AQ113: - | AR113: - | AS113: فرآیندی | AT113: کنترل چشمی | AU113: - | AV113: - | AW113: - | AX113: 14000 | AY113: 12000 | AZ113: - | BA113: 14000 | BB113: 12000
A114: 1405/05/29 | B114: - | C114: 1211643 | D114: جعبه الکترونیکی مونتاژ و لحیم کاری شده NBCM_DENA_SBR | E114: =VLOOKUP(C114,'Sheet1 (2)'!$A$2:$G$357,3,0) -> NBCM DENA | F114: =VLOOKUP(C114,'Sheet1 (2)'!$A$2:$G$357,4,0) -> NBCM | G114: =VLOOKUP(C114,'Sheet1 (2)'!$A$2:$G$357,5,0) -> NBCM | H114: =VLOOKUP(C114,'Sheet1 (2)'!$A$2:$G$357,6,0) -> Nodes | I114: وان قلع | J114: TS-01 | K114: نبود قلع بر روی پد | L114: 4 | M114: 0 | N114: ELE | O114: بازکاری | P114: تجهیرات و ماشین آلات | Q114: 1122205 | R114: RF Receiver 433Mhz | S114: - | T114: - | U114: - | V114: MWS-04/WAVE SOLDERING | W114: - | X114: - | Y114: - | Z114: - | AA114: نبود قلع برروی پد | AB114: - | AC114: 0 | AD114: 0 | AE114: 0 | AF114: 2 | AG114: 0.5 | AH114: 0 | AI114: 44000 | AJ114: ماژول | AK114: - | AL114: - | AM114: - | AN114: - | AO114: - | AP114: - | AQ114: - | AR114: - | AS114: فرآیندی | AT114: کنترل چشمی | AU114: - | AV114: - | AW114: - | AX114: 14000 | AY114: 12000 | AZ114: - | BA114: 14000 | BB114: 12000
A115: 1405/05/31 | B115: - | C115: 1211963 | D115: جلوآمپر مونتاژ و لحیم شده دنا ICN1-DENA-HPT-THT | E115: =VLOOKUP(C115,'Sheet1 (2)'!$A$2:$G$357,3,0) -> ICN1 DENA | F115: =VLOOKUP(C115,'Sheet1 (2)'!$A$2:$G$357,4,0) -> ICN1 DENA | G115: =VLOOKUP(C115,'Sheet1 (2)'!$A$2:$G$357,5,0) -> ICN1 DENA | H115: =VLOOKUP(C115,'Sheet1 (2)'!$A$2:$G$357,6,0) -> Cluster Instrument | I115: مونتاژ دستی خطوط جلوآمپر | J115: TS-08 | K115: اتصال کوتاه و تار عنکبوتی | L115: 1 | M115: 0 | N115: ELE | O115: بازکاری | P115: اپراتور | Q115: 1211963 | R115: جلوآمپر مونتاژ و لحیم شده دنا ICN1-DENA-HPT-THT | S115: - | T115: - | U115: - | V115: - | W115: - | X115: - | Y115: - | Z115: - | AA115: اتصالی | AB115: - | AC115: 0 | AD115: 0 | AE115: 0 | AF115: 1 | AG115: 0.5 | AH115: 0 | AI115: 44000 | AJ115: IC | AK115: - | AL115: - | AM115: - | AN115: علی ترکاشوند | AO115: - | AP115: - | AQ115: - | AR115: - | AS115: فرآیندی | AT115: کنترل چشمی | AU115: - | AV115: - | AW115: - | AX115: 14000 | AY115: 12000 | AZ115: - | BA115: 14000 | BB115: 12000
A116: 1405/05/31 | B116: - | C116: 1211999 | D116: جلوآمپر مونتاژ و لحیم شده ICN2_X100_ST | E116: =VLOOKUP(C116,'Sheet1 (2)'!$A$2:$G$357,3,0) -> ICN2 X100 | F116: =VLOOKUP(C116,'Sheet1 (2)'!$A$2:$G$357,4,0) -> ICN2 X100 | G116: =VLOOKUP(C116,'Sheet1 (2)'!$A$2:$G$357,5,0) -> ICN2 X100 | H116: =VLOOKUP(C116,'Sheet1 (2)'!$A$2:$G$357,6,0) -> Cluster Instrument | I116: مونتاژ دستی خطوط جلوآمپر | J116: TS-08 | K116: اتصال کوتاه و تار عنکبوتی | L116: 1 | M116: 0 | N116: ELE | O116: بازکاری | P116: اپراتور | Q116: 1130068 | R116: Connector 18pin White Screw Base | S116: - | T116: - | U116: - | V116: - | W116: - | X116: - | Y116: - | Z116: - | AA116: اتصالی | AB116: - | AC116: 0 | AD116: 0 | AE116: 0 | AF116: 1 | AG116: 0.5 | AH116: 0 | AI116: 44000 | AJ116: کانکتور | AK116: - | AL116: - | AM116: - | AN116: نیلوفر تقی پور | AO116: - | AP116: - | AQ116: - | AR116: - | AS116: فرآیندی | AT116: کنترل چشمی | AU116: - | AV116: - | AW116: - | AX116: 14000 | AY116: 12000 | AZ116: - | BA116: 14000 | BB116: 12000
A117: 1405/05/31 | B117: - | C117: 1211999 | D117: جلوآمپر مونتاژ و لحیم شده ICN2_X100_ST | E117: =VLOOKUP(C117,'Sheet1 (2)'!$A$2:$G$357,3,0) -> ICN2 X100 | F117: =VLOOKUP(C117,'Sheet1 (2)'!$A$2:$G$357,4,0) -> ICN2 X100 | G117: =VLOOKUP(C117,'Sheet1 (2)'!$A$2:$G$357,5,0) -> ICN2 X100 | H117: =VLOOKUP(C117,'Sheet1 (2)'!$A$2:$G$357,6,0) -> Cluster Instrument | I117: مونتاژ دستی خطوط جلوآمپر | J117: TS-01 | K117: نبود قلع بر روی پد | L117: 1 | M117: 0 | N117: ELE | O117: بازکاری | P117: اپراتور | Q117: 1130068 | R117: Connector 18pin White Screw Base | S117: - | T117: - | U117: - | V117: - | W117: - | X117: - | Y117: - | Z117: - | AA117: نبود قلع برروی پد | AB117: - | AC117: 0 | AD117: 0 | AE117: 0 | AF117: 1 | AG117: 0.5 | AH117: 0 | AI117: 44000 | AJ117: کانکتور | AK117: - | AL117: - | AM117: - | AN117: علی ترکاشوند | AO117: - | AP117: - | AQ117: - | AR117: - | AS117: فرآیندی | AT117: کنترل چشمی | AU117: - | AV117: - | AW117: - | AX117: 14000 | AY117: 12000 | AZ117: - | BA117: 14000 | BB117: 12000
A118: 1405/05/31 | B118: - | C118: 1211646 | D118: جعبه الکترونیکی مونتاژ و لحیم کاری شده NBCM_TARAMY_SBR | E118: =VLOOKUP(C118,'Sheet1 (2)'!$A$2:$G$357,3,0) -> NBCM TARA | F118: =VLOOKUP(C118,'Sheet1 (2)'!$A$2:$G$357,4,0) -> NBCM | G118: =VLOOKUP(C118,'Sheet1 (2)'!$A$2:$G$357,5,0) -> NBCM | H118: =VLOOKUP(C118,'Sheet1 (2)'!$A$2:$G$357,6,0) -> Nodes | I118: وان قلع | J118: TS-08 | K118: اتصال کوتاه و تار عنکبوتی | L118: 6 | M118: 0 | N118: ELE | O118: بازکاری | P118: تجهیرات و ماشین آلات | Q118: 1130064 | R118: Connector 40 pin B40B | S118: - | T118: - | U118: - | V118: MWS-04/WAVE SOLDERING | W118: - | X118: - | Y118: - | Z118: - | AA118: اتصالی | AB118: - | AC118: 0 | AD118: 0 | AE118: 0 | AF118: 2 | AG118: 0.5 | AH118: 0 | AI118: 44000 | AJ118: کانکتور | AK118: - | AL118: - | AM118: - | AN118: - | AO118: - | AP118: - | AQ118: - | AR118: - | AS118: فرآیندی | AT118: کنترل چشمی | AU118: - | AV118: - | AW118: - | AX118: 14000 | AY118: 12000 | AZ118: - | BA118: 14000 | BB118: 12000
A119: 1405/05/31 | B119: - | C119: 1211646 | D119: جعبه الکترونیکی مونتاژ و لحیم کاری شده NBCM_TARAMY_SBR | E119: =VLOOKUP(C119,'Sheet1 (2)'!$A$2:$G$357,3,0) -> NBCM TARA | F119: =VLOOKUP(C119,'Sheet1 (2)'!$A$2:$G$357,4,0) -> NBCM | G119: =VLOOKUP(C119,'Sheet1 (2)'!$A$2:$G$357,5,0) -> NBCM | H119: =VLOOKUP(C119,'Sheet1 (2)'!$A$2:$G$357,6,0) -> Nodes | I119: وان قلع | J119: TS-08 | K119: اتصال کوتاه و تار عنکبوتی | L119: 2 | M119: 0 | N119: ELE | O119: بازکاری | P119: تجهیرات و ماشین آلات | Q119: 1130060 | R119: Connector 14 Pin B14B-BCC14-1AR(LF)(SN)1 | S119: - | T119: - | U119: - | V119: MWS-04/WAVE SOLDERING | W119: - | X119: - | Y119: - | Z119: - | AA119: اتصالی | AB119: - | AC119: 0 | AD119: 0 | AE119: 0 | AF119: 2 | AG119: 0.5 | AH119: 0 | AI119: 44000 | AJ119: کانکتور | AK119: - | AL119: - | AM119: - | AN119: - | AO119: - | AP119: - | AQ119: - | AR119: - | AS119: فرآیندی | AT119: کنترل چشمی | AU119: - | AV119: - | AW119: - | AX119: 14000 | AY119: 12000 | AZ119: - | BA119: 14000 | BB119: 12000
